scope,database,mutation,pattern,n_pattern,n_db_total,n_db_eversig,n_db_classifiable,pct_of_db_total,pct_of_db_eversig,pct_of_db_classifiable
per_database,hallmark,G32A,Compensation,15,50,40,25,30.00,37.50,60.00
per_database,hallmark,G32A,Sign_reversal,7,50,40,25,14.00,17.50,28.00
per_database,hallmark,G32A,Progressive,0,50,40,25,0.00,0.00,0.00
per_database,hallmark,G32A,Late_onset,1,50,40,25,2.00,2.50,4.00
per_database,hallmark,G32A,Transient,0,50,40,25,0.00,0.00,0.00
per_database,hallmark,G32A,Natural_improvement,1,50,40,25,2.00,2.50,4.00
per_database,hallmark,G32A,Natural_worsening,1,50,40,25,2.00,2.50,4.00
per_database,hallmark,G32A,Complex,15,50,40,25,30.00,37.50,NA
per_database,hallmark,R403C,Compensation,19,50,40,27,38.00,47.50,70.37
per_database,hallmark,R403C,Sign_reversal,3,50,40,27,6.00,7.50,11.11
per_database,hallmark,R403C,Progressive,0,50,40,27,0.00,0.00,0.00
per_database,hallmark,R403C,Late_onset,0,50,40,27,0.00,0.00,0.00
per_database,hallmark,R403C,Transient,0,50,40,27,0.00,0.00,0.00
per_database,hallmark,R403C,Natural_improvement,4,50,40,27,8.00,10.00,14.81
per_database,hallmark,R403C,Natural_worsening,1,50,40,27,2.00,2.50,3.70
per_database,hallmark,R403C,Complex,13,50,40,27,26.00,32.50,NA
per_database,kegg,G32A,Compensation,33,355,132,53,9.30,25.00,62.26
per_database,kegg,G32A,Sign_reversal,4,355,132,53,1.13,3.03,7.55
per_database,kegg,G32A,Progressive,0,355,132,53,0.00,0.00,0.00
per_database,kegg,G32A,Late_onset,0,355,132,53,0.00,0.00,0.00
per_database,kegg,G32A,Transient,0,355,132,53,0.00,0.00,0.00
per_database,kegg,G32A,Natural_improvement,16,355,132,53,4.51,12.12,30.19
per_database,kegg,G32A,Natural_worsening,0,355,132,53,0.00,0.00,0.00
per_database,kegg,G32A,Complex,79,355,132,53,22.25,59.85,NA
per_database,kegg,R403C,Compensation,25,355,132,76,7.04,18.94,32.89
per_database,kegg,R403C,Sign_reversal,19,355,132,76,5.35,14.39,25.00
per_database,kegg,R403C,Progressive,0,355,132,76,0.00,0.00,0.00
per_database,kegg,R403C,Late_onset,0,355,132,76,0.00,0.00,0.00
per_database,kegg,R403C,Transient,0,355,132,76,0.00,0.00,0.00
per_database,kegg,R403C,Natural_improvement,32,355,132,76,9.01,24.24,42.11
per_database,kegg,R403C,Natural_worsening,0,355,132,76,0.00,0.00,0.00
per_database,kegg,R403C,Complex,56,355,132,76,15.77,42.42,NA
per_database,reactome,G32A,Compensation,196,1295,661,347,15.14,29.65,56.48
per_database,reactome,G32A,Sign_reversal,19,1295,661,347,1.47,2.87,5.48
per_database,reactome,G32A,Progressive,0,1295,661,347,0.00,0.00,0.00
per_database,reactome,G32A,Late_onset,26,1295,661,347,2.01,3.93,7.49
per_database,reactome,G32A,Transient,0,1295,661,347,0.00,0.00,0.00
per_database,reactome,G32A,Natural_improvement,105,1295,661,347,8.11,15.89,30.26
per_database,reactome,G32A,Natural_worsening,1,1295,661,347,0.08,0.15,0.29
per_database,reactome,G32A,Complex,314,1295,661,347,24.25,47.50,NA
per_database,reactome,R403C,Compensation,196,1295,661,366,15.14,29.65,53.55
per_database,reactome,R403C,Sign_reversal,55,1295,661,366,4.25,8.32,15.03
per_database,reactome,R403C,Progressive,0,1295,661,366,0.00,0.00,0.00
per_database,reactome,R403C,Late_onset,25,1295,661,366,1.93,3.78,6.83
per_database,reactome,R403C,Transient,2,1295,661,366,0.15,0.30,0.55
per_database,reactome,R403C,Natural_improvement,87,1295,661,366,6.72,13.16,23.77
per_database,reactome,R403C,Natural_worsening,1,1295,661,366,0.08,0.15,0.27
per_database,reactome,R403C,Complex,295,1295,661,366,22.78,44.63,NA
per_database,wiki,G32A,Compensation,29,706,220,60,4.11,13.18,48.33
per_database,wiki,G32A,Sign_reversal,6,706,220,60,0.85,2.73,10.00
per_database,wiki,G32A,Progressive,0,706,220,60,0.00,0.00,0.00
per_database,wiki,G32A,Late_onset,3,706,220,60,0.42,1.36,5.00
per_database,wiki,G32A,Transient,0,706,220,60,0.00,0.00,0.00
per_database,wiki,G32A,Natural_improvement,22,706,220,60,3.12,10.00,36.67
per_database,wiki,G32A,Natural_worsening,0,706,220,60,0.00,0.00,0.00
per_database,wiki,G32A,Complex,160,706,220,60,22.66,72.73,NA
per_database,wiki,R403C,Compensation,53,706,220,125,7.51,24.09,42.40
per_database,wiki,R403C,Sign_reversal,24,706,220,125,3.40,10.91,19.20
per_database,wiki,R403C,Progressive,0,706,220,125,0.00,0.00,0.00
per_database,wiki,R403C,Late_onset,0,706,220,125,0.00,0.00,0.00
per_database,wiki,R403C,Transient,1,706,220,125,0.14,0.45,0.80
per_database,wiki,R403C,Natural_improvement,47,706,220,125,6.66,21.36,37.60
per_database,wiki,R403C,Natural_worsening,0,706,220,125,0.00,0.00,0.00
per_database,wiki,R403C,Complex,95,706,220,125,13.46,43.18,NA
per_database,canon,G32A,Compensation,0,17,5,2,0.00,0.00,0.00
per_database,canon,G32A,Sign_reversal,0,17,5,2,0.00,0.00,0.00
per_database,canon,G32A,Progressive,0,17,5,2,0.00,0.00,0.00
per_database,canon,G32A,Late_onset,1,17,5,2,5.88,20.00,50.00
per_database,canon,G32A,Transient,0,17,5,2,0.00,0.00,0.00
per_database,canon,G32A,Natural_improvement,1,17,5,2,5.88,20.00,50.00
per_database,canon,G32A,Natural_worsening,0,17,5,2,0.00,0.00,0.00
per_database,canon,G32A,Complex,3,17,5,2,17.65,60.00,NA
per_database,canon,R403C,Compensation,1,17,5,1,5.88,20.00,100.00
per_database,canon,R403C,Sign_reversal,0,17,5,1,0.00,0.00,0.00
per_database,canon,R403C,Progressive,0,17,5,1,0.00,0.00,0.00
per_database,canon,R403C,Late_onset,0,17,5,1,0.00,0.00,0.00
per_database,canon,R403C,Transient,0,17,5,1,0.00,0.00,0.00
per_database,canon,R403C,Natural_improvement,0,17,5,1,0.00,0.00,0.00
per_database,canon,R403C,Natural_worsening,0,17,5,1,0.00,0.00,0.00
per_database,canon,R403C,Complex,4,17,5,1,23.53,80.00,NA
per_database,cgp,G32A,Compensation,442,2985,1454,748,14.81,30.40,59.09
per_database,cgp,G32A,Sign_reversal,97,2985,1454,748,3.25,6.67,12.97
per_database,cgp,G32A,Progressive,0,2985,1454,748,0.00,0.00,0.00
per_database,cgp,G32A,Late_onset,47,2985,1454,748,1.57,3.23,6.28
per_database,cgp,G32A,Transient,1,2985,1454,748,0.03,0.07,0.13
per_database,cgp,G32A,Natural_improvement,161,2985,1454,748,5.39,11.07,21.52
per_database,cgp,G32A,Natural_worsening,0,2985,1454,748,0.00,0.00,0.00
per_database,cgp,G32A,Complex,706,2985,1454,748,23.65,48.56,NA
per_database,cgp,R403C,Compensation,524,2985,1454,905,17.55,36.04,57.90
per_database,cgp,R403C,Sign_reversal,106,2985,1454,905,3.55,7.29,11.71
per_database,cgp,R403C,Progressive,0,2985,1454,905,0.00,0.00,0.00
per_database,cgp,R403C,Late_onset,12,2985,1454,905,0.40,0.83,1.33
per_database,cgp,R403C,Transient,1,2985,1454,905,0.03,0.07,0.11
per_database,cgp,R403C,Natural_improvement,260,2985,1454,905,8.71,17.88,28.73
per_database,cgp,R403C,Natural_worsening,2,2985,1454,905,0.07,0.14,0.22
per_database,cgp,R403C,Complex,549,2985,1454,905,18.39,37.76,NA
per_database,tf,G32A,Compensation,9,272,66,29,3.31,13.64,31.03
per_database,tf,G32A,Sign_reversal,3,272,66,29,1.10,4.55,10.34
per_database,tf,G32A,Progressive,0,272,66,29,0.00,0.00,0.00
per_database,tf,G32A,Late_onset,0,272,66,29,0.00,0.00,0.00
per_database,tf,G32A,Transient,0,272,66,29,0.00,0.00,0.00
per_database,tf,G32A,Natural_improvement,17,272,66,29,6.25,25.76,58.62
per_database,tf,G32A,Natural_worsening,0,272,66,29,0.00,0.00,0.00
per_database,tf,G32A,Complex,37,272,66,29,13.60,56.06,NA
per_database,tf,R403C,Compensation,3,272,66,8,1.10,4.55,37.50
per_database,tf,R403C,Sign_reversal,1,272,66,8,0.37,1.52,12.50
per_database,tf,R403C,Progressive,0,272,66,8,0.00,0.00,0.00
per_database,tf,R403C,Late_onset,1,272,66,8,0.37,1.52,12.50
per_database,tf,R403C,Transient,0,272,66,8,0.00,0.00,0.00
per_database,tf,R403C,Natural_improvement,3,272,66,8,1.10,4.55,37.50
per_database,tf,R403C,Natural_worsening,0,272,66,8,0.00,0.00,0.00
per_database,tf,R403C,Complex,58,272,66,8,21.32,87.88,NA
per_database,gobp,G32A,Compensation,497,4785,1902,885,10.39,26.13,56.16
per_database,gobp,G32A,Sign_reversal,87,4785,1902,885,1.82,4.57,9.83
per_database,gobp,G32A,Progressive,0,4785,1902,885,0.00,0.00,0.00
per_database,gobp,G32A,Late_onset,9,4785,1902,885,0.19,0.47,1.02
per_database,gobp,G32A,Transient,1,4785,1902,885,0.02,0.05,0.11
per_database,gobp,G32A,Natural_improvement,291,4785,1902,885,6.08,15.30,32.88
per_database,gobp,G32A,Natural_worsening,0,4785,1902,885,0.00,0.00,0.00
per_database,gobp,G32A,Complex,1017,4785,1902,885,21.25,53.47,NA
per_database,gobp,R403C,Compensation,550,4785,1902,1112,11.49,28.92,49.46
per_database,gobp,R403C,Sign_reversal,120,4785,1902,1112,2.51,6.31,10.79
per_database,gobp,R403C,Progressive,0,4785,1902,1112,0.00,0.00,0.00
per_database,gobp,R403C,Late_onset,6,4785,1902,1112,0.13,0.32,0.54
per_database,gobp,R403C,Transient,4,4785,1902,1112,0.08,0.21,0.36
per_database,gobp,R403C,Natural_improvement,432,4785,1902,1112,9.03,22.71,38.85
per_database,gobp,R403C,Natural_worsening,0,4785,1902,1112,0.00,0.00,0.00
per_database,gobp,R403C,Complex,790,4785,1902,1112,16.51,41.54,NA
per_database,gocc,G32A,Compensation,148,627,405,207,23.60,36.54,71.50
per_database,gocc,G32A,Sign_reversal,7,627,405,207,1.12,1.73,3.38
per_database,gocc,G32A,Progressive,0,627,405,207,0.00,0.00,0.00
per_database,gocc,G32A,Late_onset,5,627,405,207,0.80,1.23,2.42
per_database,gocc,G32A,Transient,0,627,405,207,0.00,0.00,0.00
per_database,gocc,G32A,Natural_improvement,47,627,405,207,7.50,11.60,22.71
per_database,gocc,G32A,Natural_worsening,0,627,405,207,0.00,0.00,0.00
per_database,gocc,G32A,Complex,198,627,405,207,31.58,48.89,NA
per_database,gocc,R403C,Compensation,147,627,405,255,23.44,36.30,57.65
per_database,gocc,R403C,Sign_reversal,29,627,405,255,4.63,7.16,11.37
per_database,gocc,R403C,Progressive,0,627,405,255,0.00,0.00,0.00
per_database,gocc,R403C,Late_onset,8,627,405,255,1.28,1.98,3.14
per_database,gocc,R403C,Transient,1,627,405,255,0.16,0.25,0.39
per_database,gocc,R403C,Natural_improvement,70,627,405,255,11.16,17.28,27.45
per_database,gocc,R403C,Natural_worsening,0,627,405,255,0.00,0.00,0.00
per_database,gocc,R403C,Complex,150,627,405,255,23.92,37.04,NA
per_database,gomf,G32A,Compensation,84,1025,334,164,8.20,25.15,51.22
per_database,gomf,G32A,Sign_reversal,12,1025,334,164,1.17,3.59,7.32
per_database,gomf,G32A,Progressive,0,1025,334,164,0.00,0.00,0.00
per_database,gomf,G32A,Late_onset,1,1025,334,164,0.10,0.30,0.61
per_database,gomf,G32A,Transient,0,1025,334,164,0.00,0.00,0.00
per_database,gomf,G32A,Natural_improvement,67,1025,334,164,6.54,20.06,40.85
per_database,gomf,G32A,Natural_worsening,0,1025,334,164,0.00,0.00,0.00
per_database,gomf,G32A,Complex,170,1025,334,164,16.59,50.90,NA
per_database,gomf,R403C,Compensation,80,1025,334,178,7.80,23.95,44.94
per_database,gomf,R403C,Sign_reversal,24,1025,334,178,2.34,7.19,13.48
per_database,gomf,R403C,Progressive,0,1025,334,178,0.00,0.00,0.00
per_database,gomf,R403C,Late_onset,12,1025,334,178,1.17,3.59,6.74
per_database,gomf,R403C,Transient,2,1025,334,178,0.20,0.60,1.12
per_database,gomf,R403C,Natural_improvement,60,1025,334,178,5.85,17.96,33.71
per_database,gomf,R403C,Natural_worsening,0,1025,334,178,0.00,0.00,0.00
per_database,gomf,R403C,Complex,156,1025,334,178,15.22,46.71,NA
per_database,MitoCarta,G32A,Compensation,9,72,25,9,12.50,36.00,100.00
per_database,MitoCarta,G32A,Sign_reversal,0,72,25,9,0.00,0.00,0.00
per_database,MitoCarta,G32A,Progressive,0,72,25,9,0.00,0.00,0.00
per_database,MitoCarta,G32A,Late_onset,0,72,25,9,0.00,0.00,0.00
per_database,MitoCarta,G32A,Transient,0,72,25,9,0.00,0.00,0.00
per_database,MitoCarta,G32A,Natural_improvement,0,72,25,9,0.00,0.00,0.00
per_database,MitoCarta,G32A,Natural_worsening,0,72,25,9,0.00,0.00,0.00
per_database,MitoCarta,G32A,Complex,16,72,25,9,22.22,64.00,NA
per_database,MitoCarta,R403C,Compensation,5,72,25,18,6.94,20.00,27.78
per_database,MitoCarta,R403C,Sign_reversal,3,72,25,18,4.17,12.00,16.67
per_database,MitoCarta,R403C,Progressive,0,72,25,18,0.00,0.00,0.00
per_database,MitoCarta,R403C,Late_onset,8,72,25,18,11.11,32.00,44.44
per_database,MitoCarta,R403C,Transient,0,72,25,18,0.00,0.00,0.00
per_database,MitoCarta,R403C,Natural_improvement,2,72,25,18,2.78,8.00,11.11
per_database,MitoCarta,R403C,Natural_worsening,0,72,25,18,0.00,0.00,0.00
per_database,MitoCarta,R403C,Complex,7,72,25,18,9.72,28.00,NA
per_database,SynGO,G32A,Compensation,0,32,23,4,0.00,0.00,0.00
per_database,SynGO,G32A,Sign_reversal,2,32,23,4,6.25,8.70,50.00
per_database,SynGO,G32A,Progressive,0,32,23,4,0.00,0.00,0.00
per_database,SynGO,G32A,Late_onset,1,32,23,4,3.12,4.35,25.00
per_database,SynGO,G32A,Transient,0,32,23,4,0.00,0.00,0.00
per_database,SynGO,G32A,Natural_improvement,1,32,23,4,3.12,4.35,25.00
per_database,SynGO,G32A,Natural_worsening,0,32,23,4,0.00,0.00,0.00
per_database,SynGO,G32A,Complex,19,32,23,4,59.38,82.61,NA
per_database,SynGO,R403C,Compensation,9,32,23,15,28.12,39.13,60.00
per_database,SynGO,R403C,Sign_reversal,2,32,23,15,6.25,8.70,13.33
per_database,SynGO,R403C,Progressive,0,32,23,15,0.00,0.00,0.00
per_database,SynGO,R403C,Late_onset,1,32,23,15,3.12,4.35,6.67
per_database,SynGO,R403C,Transient,1,32,23,15,3.12,4.35,6.67
per_database,SynGO,R403C,Natural_improvement,2,32,23,15,6.25,8.70,13.33
per_database,SynGO,R403C,Natural_worsening,0,32,23,15,0.00,0.00,0.00
per_database,SynGO,R403C,Complex,8,32,23,15,25.00,34.78,NA
ALL_universe,ALL,G32A,Compensation,1462,12221,5267,2533,11.96,27.76,57.72
ALL_universe,ALL,G32A,Sign_reversal,244,12221,5267,2533,2.00,4.63,9.63
ALL_universe,ALL,G32A,Progressive,0,12221,5267,2533,0.00,0.00,0.00
ALL_universe,ALL,G32A,Late_onset,94,12221,5267,2533,0.77,1.78,3.71
ALL_universe,ALL,G32A,Transient,2,12221,5267,2533,0.02,0.04,0.08
ALL_universe,ALL,G32A,Natural_improvement,729,12221,5267,2533,5.97,13.84,28.78
ALL_universe,ALL,G32A,Natural_worsening,2,12221,5267,2533,0.02,0.04,0.08
ALL_universe,ALL,G32A,Complex,2734,12221,5267,2533,22.37,51.91,NA
ALL_universe,ALL,R403C,Compensation,1612,12221,5267,3086,13.19,30.61,52.24
ALL_universe,ALL,R403C,Sign_reversal,386,12221,5267,3086,3.16,7.33,12.51
ALL_universe,ALL,R403C,Progressive,0,12221,5267,3086,0.00,0.00,0.00
ALL_universe,ALL,R403C,Late_onset,73,12221,5267,3086,0.60,1.39,2.37
ALL_universe,ALL,R403C,Transient,12,12221,5267,3086,0.10,0.23,0.39
ALL_universe,ALL,R403C,Natural_improvement,999,12221,5267,3086,8.17,18.97,32.37
ALL_universe,ALL,R403C,Natural_worsening,4,12221,5267,3086,0.03,0.08,0.13
ALL_universe,ALL,R403C,Complex,2181,12221,5267,3086,17.85,41.41,NA
