compartment,source_database,pathway_id,pathway_name,n_genes,jaccard_with_synaptic,jaccard_with_mito,jaccard_with_cytoplasmic,NES_D35_G32A,padj_D35_G32A,NES_TrajDev_G32A,padj_TrajDev_G32A,NES_D65_G32A,padj_D65_G32A,NES_D35_R403C,padj_D35_R403C,NES_TrajDev_R403C,padj_TrajDev_R403C,NES_D65_R403C,padj_D65_R403C,pattern_G32A,pattern_R403C
Synaptic,SynGO,SynGO::SYNGO:postsyn_ribosome,postsynaptic ribosome,65,1.0,0.0,0.574,2.45817534242279,3.40438886521169e-07,-3.01930378165091,1.8828150118565603e-15,-2.48502109703243,7.15296944216768e-07,2.29162769302504,3.98412474852232e-06,-2.88712095992719,2.50925899685276e-12,-2.58145672878091,9.35750721546656e-09,Sign_reversal,Sign_reversal
Synaptic,SynGO,SynGO::SYNGO:presyn_ribosome,presynaptic ribosome,51,1.0,0.0,0.574,2.33010062177469,8.15976316300135e-06,-2.90209927613196,3.15254028422659e-12,-2.49238759914907,7.15296944216768e-07,2.23316446947385,1.95932092651441e-05,-2.71252353741633,3.630000443732009e-10,-2.47747347246333,1.06409290964336e-06,Sign_reversal,Sign_reversal
Mitochondrial,MitoCarta,MitoCarta::Mitochondrial_central_dogma,Mitochondrial_central_dogma,216,0.0,1.0,0.0,-2.38426797755104,1.82931344702678e-12,2.40551487842377,2.13630593821193e-13,0.714285609443394,0.999289646599183,-1.80172631266755,0.0005116581856646,2.02079237320723,7.99580556811653e-07,1.56009803638643,0.0087196901518174,Compensation,Sign_reversal
Mitochondrial,MitoCarta,MitoCarta::Mitochondrial_central_dogma.Translation,Translation,145,0.0,1.0,0.0,-2.1968750720465,4.99048749620899e-08,2.1845953001715,7.36415058509481e-08,-0.857282986637508,0.999289646599183,-1.64804471763229,0.0128561232898511,1.86947434254709,0.0005072331055247,1.37867077326738,0.147878787878788,Compensation,Sign_reversal
Mitochondrial,gobp,gobp::GOBP_MITOCHONDRIAL_TRANSLATION,GOBP_MITOCHONDRIAL_TRANSLATION,124,0.0,1.0,0.0,-2.23243974718084,3.95766370556595e-07,2.10657350159296,6.62218740937147e-06,-1.08278710346432,1.0,-1.58912004138497,0.0166231949869659,1.89569872507714,0.0003903069444218,1.28445062622085,0.598590204129829,Compensation,Sign_reversal
Mitochondrial,reactome,reactome::REACTOME_MITOCHONDRIAL_TRANSLATION,REACTOME_MITOCHONDRIAL_TRANSLATION,89,0.0,1.0,0.0,-2.05772185076724,5.47471573103406e-05,1.90833133422852,0.0009503490948002,-1.06508171241099,0.746718236198026,-1.37375948260112,0.117966001385294,1.66754883096511,0.0118642709084871,1.22001198028667,0.566224585759699,Compensation,Complex
Mitochondrial,MitoCarta,MitoCarta::Mitochondrial_central_dogma.Translation.Mitochondrial_ribosome,Mitochondrial_ribosome,77,0.0,1.0,0.0,-2.1835650924473,1.55483500048331e-05,1.89322200796298,0.0007979341838455,-1.43145056569805,0.601652892561984,-1.63180235640333,0.033944796845534,1.75016515808853,0.0166862707768002,1.04753992358279,0.674847283249384,Compensation,Compensation
Mitochondrial,gocc,gocc::GOCC_MITOCHONDRIAL_LARGE_RIBOSOMAL_SUBUNIT,GOCC_MITOCHONDRIAL_LARGE_RIBOSOMAL_SUBUNIT,53,0.0,1.0,0.0,-1.88112891594948,0.0027328070875736,1.54070825042192,0.0558355480435059,-1.35747452606371,0.749555620406972,-1.49011642431801,0.0621902819337012,1.48237141230476,0.0725906261001965,0.759536264066689,0.999981460882462,Complex,Natural_improvement
Mitochondrial,gocc,gocc::GOCC_MITOCHONDRIAL_SMALL_RIBOSOMAL_SUBUNIT,GOCC_MITOCHONDRIAL_SMALL_RIBOSOMAL_SUBUNIT,29,0.0,1.0,0.0,-1.82449562027578,0.0122143879075911,1.85708379516772,0.0095304027724808,-0.97898094879349,1.0,-1.47269992175931,0.100266192938725,1.86366075177286,0.0089803529188548,1.26681505155099,0.656074158408278,Compensation,Complex
Mitochondrial,gobp,gobp::GOBP_REGULATION_OF_MITOCHONDRIAL_TRANSLATION,GOBP_REGULATION_OF_MITOCHONDRIAL_TRANSLATION,25,0.0,1.0,0.0,-1.75914672441384,0.0389725388984218,1.95833241059298,0.006939861782899,0.530403234238365,1.0,-1.43641397916046,0.163035734703396,1.86639303865401,0.0171487074188948,1.30837789089329,0.71418895095792,Compensation,Complex
Mitochondrial,MitoCarta,MitoCarta::Mitochondrial_central_dogma.Translation.Mitochondrial_ribosome_assembly,Mitochondrial_ribosome_assembly,24,0.0,1.0,0.0,-1.98750770735091,0.0048346014623487,2.11219120748669,0.0011450117391698,0.84676322397694,0.999289646599183,-1.89122509468268,0.033944796845534,1.8635574676453,0.0266900790166813,1.2872672434351,0.38579836719195,Compensation,Compensation
Mitochondrial,gobp,gobp::GOBP_MITOCHONDRIAL_RIBOSOME_ASSEMBLY,GOBP_MITOCHONDRIAL_RIBOSOME_ASSEMBLY,16,0.0,1.0,0.0,-1.90330994746607,0.0159067019572723,1.72489758152385,0.0604519931522126,-0.764983149418312,1.0,-1.65388540804704,0.0699951866383041,1.57961435057037,0.123615362438144,1.19487605557861,0.817545552214342,Natural_improvement,Complex
Mitochondrial,gobp,gobp::GOBP_POSITIVE_REGULATION_OF_MITOCHONDRIAL_TRANSLATION,GOBP_POSITIVE_REGULATION_OF_MITOCHONDRIAL_TRANSLATION,16,0.0,1.0,0.0,-1.58759073691002,0.129301121930879,1.73109103019439,0.0576681063323714,1.03038601281574,1.0,-1.27488410747088,0.32130602901435,1.70960717650278,0.0654533875640411,1.44142101925923,0.603849100422219,Complex,Complex
Mitochondrial,MitoCarta,MitoCarta::Mitochondrial_central_dogma.Translation.Translation_factors,Translation_factors,15,0.0,1.0,0.0,-0.85119961932039,0.785157972079353,1.3308000296798,0.349308133648329,1.23115507801291,0.808685885436166,0.726055602837143,0.945757772020725,0.610751871241932,0.993521000893655,0.935318731426112,0.79249617151608,Complex,Complex
Mitochondrial,gomf,gomf::GOMF_MITOCHONDRIAL_RIBOSOME_BINDING,GOMF_MITOCHONDRIAL_RIBOSOME_BINDING,10,0.0,1.0,0.0,-1.44555237403762,0.266211490857054,1.57481166057477,0.181780072440766,0.77481089394926,1.0,-1.02030743169596,0.602831766738606,1.21981536096752,0.492135653767834,1.14200100941027,0.813563015633353,Complex,Complex
Cytoplasmic,gobp,gobp::GOBP_REGULATION_OF_TRANSLATION,GOBP_REGULATION_OF_TRANSLATION,325,0.574,0.0,1.0,-1.41565005491918,0.0304344057355188,1.13114521632426,0.377110680870138,-1.15999136001323,0.895386096190017,-1.09064117326398,0.40204219856106,1.11102375202884,0.423242388985697,-0.782786758106766,1.0,Complex,Complex
Cytoplasmic,gobp,gobp::GOBP_RIBOSOME_BIOGENESIS,GOBP_RIBOSOME_BIOGENESIS,287,0.574,0.0,1.0,-2.60073815874921,3.9471150440839e-19,2.25418549877522,5.48319967495414e-12,-1.21574294216703,0.862067374361213,-1.72468742178496,0.000193250856973,1.593128712781,0.003744487209134,0.608308011980076,1.0,Compensation,Compensation
Cytoplasmic,reactome,reactome::REACTOME_TRANSLATION,REACTOME_TRANSLATION,270,0.574,0.0,1.0,-0.971826691347103,0.728168810904881,-1.43770695060933,0.0148374023661278,-1.96441090124782,6.20898224717157e-06,0.634065629640504,0.999971715457503,-1.26034819449526,0.10630700327411,-1.3010054650244,0.242808706113967,Late_onset,Complex
Cytoplasmic,gobp,gobp::GOBP_REGULATION_OF_POST_TRANSLATIONAL_PROTEIN_MODIFICATION,GOBP_REGULATION_OF_POST_TRANSLATIONAL_PROTEIN_MODIFICATION,229,0.574,0.0,1.0,-1.27775611100786,0.163462721191408,0.960528474787584,0.773061886107715,-1.04164290283258,1.0,-1.14282048084344,0.318921350556518,1.05762236091533,0.569729027572666,0.715893537508817,1.0,Complex,Complex
Cytoplasmic,gocc,gocc::GOCC_RIBOSOME,GOCC_RIBOSOME,208,0.574,0.0,1.0,-1.033725314306,0.5355307052353,-1.60775990312041,0.0022497657712564,-2.27425631738492,5.17688789901775e-08,-0.479754430273176,1.0,-1.36846429968681,0.0399379768552313,-1.77242837221141,0.0028140940764576,Late_onset,Late_onset
Cytoplasmic,gocc,gocc::GOCC_RIBOSOMAL_SUBUNIT,GOCC_RIBOSOMAL_SUBUNIT,168,0.574,0.0,1.0,-0.917582876364708,0.802042020517944,-1.76988443551027,0.0005082482019687,-2.27643490483138,2.80034862757144e-07,-0.521822669818882,1.0,-1.45312311740182,0.0262964404653778,-1.76067045082385,0.0101854626389986,Late_onset,Late_onset
Cytoplasmic,gobp,gobp::GOBP_CYTOPLASMIC_TRANSLATION,GOBP_CYTOPLASMIC_TRANSLATION,157,0.574,0.0,1.0,1.20503053078874,0.267289429955072,-2.06610763674837,3.39712568078179e-06,-2.08418818072659,0.0010567442183162,0.980304809321041,0.661957764758931,-1.83522032740912,0.0003273422246692,-1.83806386083433,0.0074466019637029,Late_onset,Late_onset
Cytoplasmic,gomf,gomf::GOMF_STRUCTURAL_CONSTITUENT_OF_RIBOSOME,GOMF_STRUCTURAL_CONSTITUENT_OF_RIBOSOME,144,0.574,0.0,1.0,-0.843477214627484,0.920805970020931,-1.95011867323544,8.11318740941284e-05,-2.4036512356852,4.16366453104855e-08,0.548838535494911,0.999948935301026,-1.66822609927332,0.008417434422552,-1.98318858567668,0.001149966393284,Late_onset,Late_onset
Cytoplasmic,gobp,gobp::GOBP_POSITIVE_REGULATION_OF_POST_TRANSLATIONAL_PROTEIN_MODIFICATION,GOBP_POSITIVE_REGULATION_OF_POST_TRANSLATIONAL_PROTEIN_MODIFICATION,123,0.574,0.0,1.0,-1.36228767497392,0.144761550327075,1.13729164489813,0.441510269611914,-0.788968350481649,1.0,-1.418761784397,0.0713621130172214,1.2583014796641,0.254520713225483,0.656954445693637,1.0,Complex,Natural_improvement
Cytoplasmic,gobp,gobp::GOBP_NEGATIVE_REGULATION_OF_TRANSLATION,GOBP_NEGATIVE_REGULATION_OF_TRANSLATION,122,0.574,0.0,1.0,-0.836975575964877,0.938845385669514,-1.07811146896199,0.533194887905438,-1.31708625941802,0.835075280695573,-0.927154563015325,0.748506308386082,-0.851617416152872,0.929486932099111,-1.26611622884927,0.620347306833315,Complex,Complex
Cytoplasmic,gobp,gobp::GOBP_POSITIVE_REGULATION_OF_TRANSLATION,GOBP_POSITIVE_REGULATION_OF_TRANSLATION,115,0.574,0.0,1.0,-1.49331742541932,0.0606442461625388,1.28202002688794,0.235990861309012,-0.719934851207047,1.0,-0.9694519577323,0.670822309145725,1.15417912222983,0.422121639130227,1.10595494660304,0.837842876027,Natural_improvement,Complex
Cytoplasmic,gobp,gobp::GOBP_TRANSLATIONAL_INITIATION,GOBP_TRANSLATIONAL_INITIATION,109,0.574,0.0,1.0,-1.57295399138528,0.0343233233111876,1.10682806977143,0.503931506404933,-1.47643998928053,0.609989142898968,-0.949698116993058,0.702054711060982,1.02629490944458,0.650559731321963,-0.744385359601097,1.0,Complex,Complex
Cytoplasmic,reactome,reactome::REACTOME_EUKARYOTIC_TRANSLATION_INITIATION,REACTOME_EUKARYOTIC_TRANSLATION_INITIATION,109,0.574,0.0,1.0,1.72348078651802,0.0025986297244863,-2.67596918795905,9.2427110286701e-13,-2.43023566845821,1.64211640942487e-07,1.5756947282172,0.0155546960768534,-2.53982528831296,1.57634121848516e-10,-2.47286690220056,5.11124999549768e-08,Sign_reversal,Sign_reversal
Cytoplasmic,gocc,gocc::GOCC_LARGE_RIBOSOMAL_SUBUNIT,GOCC_LARGE_RIBOSOMAL_SUBUNIT,106,0.574,0.0,1.0,-0.723753047628522,0.98939354951129,-1.86099890208024,0.0004447789515893,-2.23534367060169,1.75831298073345e-05,0.502642071440177,1.0,-1.61740065599612,0.0103657599508222,-1.73620721688453,0.0317860845731929,Late_onset,Late_onset
Cytoplasmic,gocc,gocc::GOCC_CYTOSOLIC_RIBOSOME,GOCC_CYTOSOLIC_RIBOSOME,103,0.574,0.0,1.0,1.58952880835394,0.0137746204499192,-2.56313811995371,6.46834611734456e-10,-2.42770666970211,2.80034862757144e-07,1.40132904551344,0.0571298292794862,-2.43374707101959,1.32112543582176e-08,-2.50957583064223,4.09315406297161e-08,Sign_reversal,Sign_reversal
Cytoplasmic,reactome,reactome::REACTOME_SRP_DEPENDENT_COTRANSLATIONAL_PROTEIN_TARGETING_TO_MEMBRANE,REACTOME_SRP_DEPENDENT_COTRANSLATIONAL_PROTEIN_TARGETING_TO_MEMBRANE,103,0.574,0.0,1.0,1.89878998828407,0.0002281757551464,-2.83474914914389,1.78170229461243e-14,-2.56964090189,9.88944370172903e-09,1.84546126862292,0.0008527182546356,-2.70437882861404,9.915437307757887e-12,-2.56453069544681,2.39698013911213e-08,Sign_reversal,Sign_reversal
Cytoplasmic,gomf,gomf::GOMF_RIBOSOME_BINDING,GOMF_RIBOSOME_BINDING,100,0.574,0.0,1.0,-1.54324724677037,0.0489383074587342,1.49408139520373,0.089085315383404,-0.684847378499636,1.0,-0.858225250192714,0.844552550779501,0.946956903901444,0.775262217212369,0.890901291417032,0.99965983960351,Natural_improvement,Complex
Cytoplasmic,gobp,gobp::GOBP_RIBOSOMAL_SMALL_SUBUNIT_BIOGENESIS,GOBP_RIBOSOMAL_SMALL_SUBUNIT_BIOGENESIS,98,0.574,0.0,1.0,-2.21944183801749,2.62552574146588e-06,1.86245221163935,0.0011753656416725,-1.39115495671824,0.746837553898563,-1.43213883975142,0.0804525990042542,1.22833136737866,0.316147546029852,-0.661923911907729,1.0,Compensation,Natural_improvement
Cytoplasmic,gocc,gocc::GOCC_PRERIBOSOME,GOCC_PRERIBOSOME,96,0.574,0.0,1.0,-2.45782235792421,3.75865530312908e-09,2.07299194253243,2.39229691255291e-05,-1.32186177516834,0.662267043689794,-1.62228160888126,0.0099411493821971,1.29413688472826,0.159422930925445,-0.752835335490231,0.999981460882462,Compensation,Natural_improvement
Cytoplasmic,gobp,gobp::GOBP_NEGATIVE_REGULATION_OF_POST_TRANSLATIONAL_PROTEIN_MODIFICATION,GOBP_NEGATIVE_REGULATION_OF_POST_TRANSLATIONAL_PROTEIN_MODIFICATION,85,0.574,0.0,1.0,-0.910454070088825,0.835969280457773,-1.22158970721429,0.320771459577937,-1.3954221256358,0.783227572398455,-0.71496974584265,0.971272815258918,-0.815940324529532,0.94165273339078,0.667604071201275,1.0,Complex,Complex
Cytoplasmic,reactome,reactome::REACTOME_EUKARYOTIC_TRANSLATION_ELONGATION,REACTOME_EUKARYOTIC_TRANSLATION_ELONGATION,83,0.574,0.0,1.0,2.30719427012188,9.24128686720077e-07,-3.05611316828534,3.1803335141713493e-16,-2.57115889008888,7.78880792498952e-08,1.93903974436828,0.0003647636606557,-2.9469409744777,2.41648038596057e-14,-2.71908445601828,3.76294609531153e-10,Sign_reversal,Sign_reversal
Cytoplasmic,gocc,gocc::GOCC_ORGANELLAR_RIBOSOME,GOCC_ORGANELLAR_RIBOSOME,82,0.574,0.0,1.0,-2.18764400705211,1.1343799891843e-05,1.95507128286369,0.0004447789515893,-1.30014229916958,0.750966025086604,-1.6915655675957,0.0067507328975932,1.84141509352938,0.0022784975725097,1.13300344240128,0.740486207671117,Compensation,Compensation
Cytoplasmic,gomf,gomf::GOMF_TRANSLATION_FACTOR_ACTIVITY,GOMF_TRANSLATION_FACTOR_ACTIVITY,76,0.574,0.0,1.0,-0.891573808865682,0.839964282824868,-0.829639732239092,0.947177565601388,-1.0358777565674,1.0,0.49425463302941,0.999948935301026,-0.881608342562042,0.866741068300512,-0.835166627502411,0.99965983960351,Complex,Complex
Cytoplasmic,kegg,kegg::KEGG_MEDICUS_REFERENCE_TRANSLATION_INITIATION,KEGG_MEDICUS_REFERENCE_TRANSLATION_INITIATION,74,0.574,0.0,1.0,2.40990038543209,8.14384854743161e-07,-3.11445719160063,9.554644737615852e-17,-2.57157096521193,2.80051297359341e-07,2.11847764279369,0.0001260638005632,-2.96489922419122,1.21992930696104e-13,-2.66510935685292,1.30381684500341e-08,Sign_reversal,Sign_reversal
Cytoplasmic,gobp,gobp::GOBP_REGULATION_OF_TRANSLATIONAL_INITIATION,GOBP_REGULATION_OF_TRANSLATIONAL_INITIATION,73,0.574,0.0,1.0,-1.31037719226861,0.242936580633109,0.989404762093323,0.704427902473421,-1.27356173627881,0.899387144282389,-0.805024053690492,0.892901539320952,0.925445190806103,0.800599419461734,-0.781455983348817,1.0,Complex,Complex
Cytoplasmic,gocc,gocc::GOCC_SMALL_RIBOSOMAL_SUBUNIT,GOCC_SMALL_RIBOSOMAL_SUBUNIT,65,0.574,0.0,1.0,-1.00330710688208,0.609730732456642,-1.22613589911673,0.267645500267864,-1.82013022442266,0.0708042550308286,-0.873484527495862,0.768962140126357,-0.907805740321446,0.752546527159965,-1.33745017482251,0.459497539797395,Complex,Complex
Cytoplasmic,gobp,gobp::GOBP_TRANSLATIONAL_ELONGATION,GOBP_TRANSLATIONAL_ELONGATION,64,0.574,0.0,1.0,0.749341208848754,0.975719204718573,-0.827863789517371,0.924749478455242,0.923019977087358,1.0,0.503801016056053,0.999741176470588,-0.520333940357612,0.999612472425923,0.61250202710115,1.0,Complex,Complex
Cytoplasmic,gobp,gobp::GOBP_RIBOSOMAL_LARGE_SUBUNIT_BIOGENESIS,GOBP_RIBOSOMAL_LARGE_SUBUNIT_BIOGENESIS,62,0.574,0.0,1.0,-2.13483511949455,0.0001781973233824,1.77213208872416,0.0106624404794917,-1.30418865975961,0.880686108893798,-1.5170288037873,0.0660524551792991,1.17707333505138,0.431949431284528,-0.656127714509039,1.0,Compensation,Natural_improvement
Cytoplasmic,gobp,gobp::GOBP_RIBOSOME_ASSEMBLY,GOBP_RIBOSOME_ASSEMBLY,60,0.574,0.0,1.0,-1.77976586526358,0.0131160467476738,1.57386783736213,0.06568170270705,-1.03650720418155,1.0,-1.27229676441669,0.244617410129757,1.31507958394836,0.253821808075107,0.822050848665147,1.0,Natural_improvement,Complex
Cytoplasmic,reactome,reactome::REACTOME_TRANSLATION_OF_SARS_COV_2_STRUCTURAL_PROTEINS,REACTOME_TRANSLATION_OF_SARS_COV_2_STRUCTURAL_PROTEINS,59,0.574,0.0,1.0,1.04331705694312,0.576757217506503,-1.51931892799051,0.0739577384351799,-1.46338377503657,0.266729760945684,1.37591365861902,0.133958794785968,-1.42646634404515,0.119095454635491,0.725693563454374,0.99998153721175,Complex,Complex
Cytoplasmic,gomf,gomf::GOMF_TRANSLATION_REGULATOR_ACTIVITY,GOMF_TRANSLATION_REGULATOR_ACTIVITY,56,0.574,0.0,1.0,-0.851566128812086,0.874726059979371,-0.960984046668103,0.80425666543659,-1.33031339619838,1.0,-1.07620738457169,0.519458447626621,-0.802364881874167,0.926966529637665,-1.41060118449509,0.426130043698618,Complex,Complex
Cytoplasmic,reactome,reactome::REACTOME_POST_TRANSLATIONAL_MODIFICATION_SYNTHESIS_OF_GPI_ANCHORED_PROTEINS,REACTOME_POST_TRANSLATIONAL_MODIFICATION_SYNTHESIS_OF_GPI_ANCHORED_PROTEINS,56,0.574,0.0,1.0,1.39196183524359,0.119087212873901,-1.18832979448752,0.392616476372028,0.885006141973241,0.99425081013404,1.31479747972324,0.19036991645347,-1.10522738982434,0.486126940093444,1.10605356365086,0.831032798603119,Complex,Complex
Cytoplasmic,reactome,reactome::REACTOME_TRANSCRIPTIONAL_AND_POST_TRANSLATIONAL_REGULATION_OF_MITF_M_EXPRESSION_AND_ACTIVITY,REACTOME_TRANSCRIPTIONAL_AND_POST_TRANSLATIONAL_REGULATION_OF_MITF_M_EXPRESSION_AND_ACTIVITY,54,0.574,0.0,1.0,-1.11432012046473,0.473534254492668,-0.881976978365793,0.849931317857117,-1.295854593959,0.45610065415445,-0.821529621247986,0.875048003769089,0.866874791790669,0.844480361155418,0.976722866267106,0.975578189370889,Complex,Complex
Cytoplasmic,gocc,gocc::GOCC_CYTOSOLIC_LARGE_RIBOSOMAL_SUBUNIT,GOCC_CYTOSOLIC_LARGE_RIBOSOMAL_SUBUNIT,51,0.574,0.0,1.0,1.94906753640143,0.0009950380358565,-2.70920651165073,2.45836938479812e-09,-2.45043575786474,8.93258464836198e-06,1.66201779760418,0.0181269627604963,-2.51061357221848,2.45192651956245e-07,-2.45442332143659,4.16629554542903e-05,Sign_reversal,Sign_reversal
Cytoplasmic,gomf,gomf::GOMF_TRANSLATION_INITIATION_FACTOR_ACTIVITY,GOMF_TRANSLATION_INITIATION_FACTOR_ACTIVITY,48,0.574,0.0,1.0,-1.17650911418707,0.480214122142972,0.918705585405748,0.8487985570408,-1.06979530141042,1.0,-0.646572308090574,0.985274269867047,0.638533531397266,0.995061481307232,-0.814651017949239,0.99965983960351,Complex,Complex
Cytoplasmic,gobp,gobp::GOBP_CYTOPLASMIC_TRANSLATIONAL_INITIATION,GOBP_CYTOPLASMIC_TRANSLATIONAL_INITIATION,43,0.574,0.0,1.0,-1.27098190295769,0.331015118458865,1.02986760496867,0.652444168647341,-1.21119224849603,0.963900029438315,-0.722125678013296,0.937170966260991,0.971436433383586,0.732001050911818,0.690908777735445,1.0,Complex,Complex
Cytoplasmic,reactome,reactome::REACTOME_SARS_COV_2_MODULATES_HOST_TRANSLATION_MACHINERY,REACTOME_SARS_COV_2_MODULATES_HOST_TRANSLATION_MACHINERY,43,0.574,0.0,1.0,-0.978319737702798,0.687420407166408,-1.38914023914345,0.194721909711863,-1.86347704125086,0.0516662676993485,-1.02438354464168,0.595825574177529,-1.29634288138512,0.258637929959842,-1.88479781415396,0.0376064544436917,Complex,Late_onset
Cytoplasmic,reactome,reactome::REACTOME_CARBOXYTERMINAL_POST_TRANSLATIONAL_MODIFICATIONS_OF_TUBULIN,REACTOME_CARBOXYTERMINAL_POST_TRANSLATIONAL_MODIFICATIONS_OF_TUBULIN,40,0.574,0.0,1.0,-1.14214376224685,0.44503894947321,1.16533115578013,0.460674343828023,0.674514456854491,0.999688672881678,-1.7230845774522,0.023458837300039,1.50605032774594,0.105439520641033,-0.883892211863461,0.99998153721175,Complex,Natural_improvement
Cytoplasmic,gobp,gobp::GOBP_RIBOSOME_DISASSEMBLY,GOBP_RIBOSOME_DISASSEMBLY,39,0.574,0.0,1.0,0.881353742723426,0.858960881143511,0.702984592363469,0.978288772882242,1.27408851013292,0.924950590727954,0.782875566910383,0.893268406915769,-0.66877706089442,0.985800824473615,0.826126084569261,1.0,Complex,Complex
Cytoplasmic,gobp,gobp::GOBP_REGULATION_OF_CYTOPLASMIC_TRANSLATION,GOBP_REGULATION_OF_CYTOPLASMIC_TRANSLATION,35,0.574,0.0,1.0,-1.23821977656645,0.385460041002223,0.944730064474947,0.760122127816724,-1.00372853187479,1.0,-1.14778754646002,0.428660781643267,1.16188547974153,0.480371819628458,0.73434668112208,1.0,Complex,Complex
Cytoplasmic,gocc,gocc::GOCC_CYTOSOLIC_SMALL_RIBOSOMAL_SUBUNIT,GOCC_CYTOSOLIC_SMALL_RIBOSOMAL_SUBUNIT,35,0.574,0.0,1.0,1.35118328543455,0.168804020279527,-2.0312640238135,0.0012549626814902,-1.91731174664146,0.0708042550308286,1.0789497847049,0.449891103111663,-2.01219721648854,0.0031689759243778,-2.00375340466384,0.0262304683414563,Complex,Late_onset
Cytoplasmic,gobp,gobp::GOBP_RESCUE_OF_STALLED_RIBOSOME,GOBP_RESCUE_OF_STALLED_RIBOSOME,33,0.574,0.0,1.0,0.677398673376563,0.985200800198733,0.802504591607465,0.9110567560086,1.13794316100812,1.0,0.506172434385203,0.998871612753673,-0.46155800049898,0.999597914680617,0.758094534879519,1.0,Complex,Complex
Cytoplasmic,gomf,gomf::GOMF_TRANSLATION_INITIATION_FACTOR_BINDING,GOMF_TRANSLATION_INITIATION_FACTOR_BINDING,32,0.574,0.0,1.0,-1.12292100783869,0.56823692183751,-0.703355689386037,0.986464882854029,-1.37212642888512,1.0,-0.605329395436934,0.987441053805208,0.635689862283973,0.992214493711186,0.636014378673682,0.99965983960351,Complex,Complex
Cytoplasmic,reactome,reactome::REACTOME_SARS_COV_1_MODULATES_HOST_TRANSLATION_MACHINERY,REACTOME_SARS_COV_1_MODULATES_HOST_TRANSLATION_MACHINERY,31,0.574,0.0,1.0,1.5633675396662,0.0709826068320591,-2.21867641809125,0.0002314030377883,-2.00325373452245,0.0315638450502152,1.24418673401455,0.302899012445684,-2.12957376705823,0.00113304663267,-1.99830675753388,0.028619244508199,Sign_reversal,Late_onset
Cytoplasmic,reactome,reactome::REACTOME_TRANSLATION_OF_SARS_COV_1_STRUCTURAL_PROTEINS,REACTOME_TRANSLATION_OF_SARS_COV_1_STRUCTURAL_PROTEINS,29,0.574,0.0,1.0,1.14842397384332,0.437616214935528,-1.27042161243443,0.339536229910106,-1.33717608037025,0.461326475400559,1.25846181704089,0.295675821167036,-1.13429342598044,0.478591301863067,0.93011223892722,0.998164728523392,Complex,Complex
Cytoplasmic,gobp,gobp::GOBP_DE_NOVO_POST_TRANSLATIONAL_PROTEIN_FOLDING,GOBP_DE_NOVO_POST_TRANSLATIONAL_PROTEIN_FOLDING,28,0.574,0.0,1.0,-0.730225514431372,0.961143426047616,-0.907030072373566,0.806793188359484,-1.0349655081934,1.0,1.13150343178998,0.447303862360374,-1.28412872133841,0.334508132938037,-1.23156340267307,0.768958467769821,Complex,Complex
Cytoplasmic,gobp,gobp::GOBP_COTRANSLATIONAL_PROTEIN_TARGETING_TO_MEMBRANE,GOBP_COTRANSLATIONAL_PROTEIN_TARGETING_TO_MEMBRANE,27,0.574,0.0,1.0,-0.77939957658777,0.929615931589834,-0.487075370914802,0.999410647632768,-1.0480575095883,1.0,-0.724032029054518,0.916595137266546,-0.732477296184263,0.952446399120396,-1.31580808717013,0.712635541960037,Complex,Complex
Cytoplasmic,gocc,gocc::GOCC_90S_PRERIBOSOME,GOCC_90S_PRERIBOSOME,24,0.574,0.0,1.0,-2.35048723504376,6.81229390461349e-06,2.0701198546776,0.0011442999764481,-0.964028037450092,1.0,-1.81271497739772,0.0135945973086965,1.6448366174282,0.0481542126326536,0.576041082808549,0.999981460882462,Compensation,Compensation
Cytoplasmic,gobp,gobp::GOBP_NEGATIVE_REGULATION_OF_TRANSLATIONAL_INITIATION,GOBP_NEGATIVE_REGULATION_OF_TRANSLATIONAL_INITIATION,23,0.574,0.0,1.0,-0.822845565213514,0.889015360394249,-0.947962005790046,0.751299014455426,-1.44320386857243,0.868121032085533,-0.84964802395547,0.790301438115377,-0.658530658877562,0.978825497895154,-1.21513097371318,0.792900819500494,Complex,Complex
Cytoplasmic,gobp,gobp::GOBP_VIRAL_TRANSLATION,GOBP_VIRAL_TRANSLATION,23,0.574,0.0,1.0,1.15021742751813,0.504549524689856,-1.72168602655728,0.0619406886355378,-1.69996367417329,0.62379896826299,1.25057286013685,0.319679222057951,-1.66081821206234,0.0807759786063807,-1.41054969506601,0.624014684981807,Complex,Complex
Cytoplasmic,gobp,gobp::GOBP_RIBOSOMAL_SMALL_SUBUNIT_ASSEMBLY,GOBP_RIBOSOMAL_SMALL_SUBUNIT_ASSEMBLY,22,0.574,0.0,1.0,-1.0188486965947,0.668160526460489,0.82762044988835,0.873883182142482,-1.23554435644723,0.969897677089517,-0.703015167935075,0.92368193064801,0.950301446483878,0.750740065523953,0.912986254093262,0.989613518933777,Complex,Complex
Cytoplasmic,gobp,gobp::GOBP_SRP_DEPENDENT_COTRANSLATIONAL_PROTEIN_TARGETING_TO_MEMBRANE,GOBP_SRP_DEPENDENT_COTRANSLATIONAL_PROTEIN_TARGETING_TO_MEMBRANE,22,0.574,0.0,1.0,-0.93662754702889,0.768734909516527,0.6951928896526,0.970970898485633,-0.753668417945718,1.0,-0.832929505491881,0.806236056669689,-0.513737019785724,0.999058298520315,-1.26909941600533,0.749355788385833,Complex,Complex
Cytoplasmic,gobp,gobp::GOBP_POSITIVE_REGULATION_OF_TRANSLATIONAL_INITIATION,GOBP_POSITIVE_REGULATION_OF_TRANSLATIONAL_INITIATION,21,0.574,0.0,1.0,-1.41203844858793,0.237817156905094,1.04293853065866,0.643737294693171,-0.889226489112449,1.0,-0.660427121329663,0.945999303826055,0.9775523226797,0.72073725323081,0.713919237829687,1.0,Complex,Complex
Cytoplasmic,gobp,gobp::GOBP_MIRNA_MEDIATED_GENE_SILENCING_BY_INHIBITION_OF_TRANSLATION,GOBP_MIRNA_MEDIATED_GENE_SILENCING_BY_INHIBITION_OF_TRANSLATION,20,0.574,0.0,1.0,-1.45916854374104,0.201759435739179,1.20366291260855,0.450912010632474,-1.09364578385162,1.0,-1.32830601413476,0.262400460617536,0.769255207990926,0.91503683648926,-1.46846690735468,0.598590204129829,Complex,Complex
Cytoplasmic,gobp,gobp::GOBP_RIBOSOMAL_LARGE_SUBUNIT_ASSEMBLY,GOBP_RIBOSOMAL_LARGE_SUBUNIT_ASSEMBLY,19,0.574,0.0,1.0,-1.55545537867913,0.141574494613239,1.62123487256092,0.103791039523794,-0.556580507038951,1.0,-1.13762251418512,0.458985410397155,1.21394731682215,0.445337910874589,0.836233058647646,1.0,Complex,Complex
Cytoplasmic,gomf,gomf::GOMF_TRANSLATION_FACTOR_ACTIVITY_RNA_BINDING,GOMF_TRANSLATION_FACTOR_ACTIVITY_RNA_BINDING,19,0.574,0.0,1.0,-0.73056500656009,0.932126309165461,0.620933463297092,0.996783040919214,-0.932181605709782,1.0,-0.776090408298464,0.857294463580477,-0.603042193010789,0.992710624555208,-0.70639472220498,0.99965983960351,Complex,Complex
Cytoplasmic,gobp,gobp::GOBP_REGULATION_OF_TRANSLATION_IN_RESPONSE_TO_STRESS,GOBP_REGULATION_OF_TRANSLATION_IN_RESPONSE_TO_STRESS,18,0.574,0.0,1.0,-0.683466138887777,0.968593833067517,-0.634453002325101,0.984956403745893,-1.21378285076632,0.977723742423815,1.08595503410748,0.511383402830695,-1.00894633097421,0.680997932938343,-0.696834809869114,1.0,Complex,Complex
Cytoplasmic,gocc,gocc::GOCC_CYTOSOLIC_TRANSLATION_PREINITIATION_COMPLEX,GOCC_CYTOSOLIC_TRANSLATION_PREINITIATION_COMPLEX,18,0.574,0.0,1.0,-0.99589010730689,0.62215557076042,-0.780547633130717,0.882779913738332,-1.17048368123947,0.980776001642251,-0.443958866559062,1.0,-0.67722648533644,0.952460507325175,-1.13618341028063,0.807262173668651,Complex,Complex
Cytoplasmic,gomf,gomf::GOMF_RIBOSOMAL_SMALL_SUBUNIT_BINDING,GOMF_RIBOSOMAL_SMALL_SUBUNIT_BINDING,18,0.574,0.0,1.0,-1.26822040868057,0.407415021929825,1.26493948553206,0.44073458198744,0.590113219622395,1.0,-1.09818065829871,0.519615112504489,0.934393344807148,0.759478325117937,-0.879654455682956,0.99965983960351,Complex,Complex
Cytoplasmic,gobp,gobp::GOBP_TRANSLATIONAL_TERMINATION,GOBP_TRANSLATIONAL_TERMINATION,17,0.574,0.0,1.0,-0.843599218749902,0.864179811754498,-0.615977675727848,0.98795194019494,-0.992691995741133,1.0,0.869634866657906,0.764798447035093,-0.710022409429299,0.947503126883946,0.433781566958557,1.0,Complex,Complex
Cytoplasmic,gocc,gocc::GOCC_PRERIBOSOME_LARGE_SUBUNIT_PRECURSOR,GOCC_PRERIBOSOME_LARGE_SUBUNIT_PRECURSOR,17,0.574,0.0,1.0,-2.0901670081588,0.0014554603881463,1.83621282762181,0.014531207999619,-1.25422468254448,0.914600780388212,-1.62700284534709,0.0571180124223602,1.29085870967939,0.26124191656517,-0.925436022278056,0.989814963225138,Compensation,Natural_improvement
Cytoplasmic,gobp,gobp::GOBP_POSITIVE_REGULATION_OF_CYTOPLASMIC_TRANSLATION,GOBP_POSITIVE_REGULATION_OF_CYTOPLASMIC_TRANSLATION,16,0.574,0.0,1.0,-1.88166744224242,0.0190571012598481,1.4663427633152,0.212166867558899,-0.765892074338198,1.0,-1.79157508388554,0.0282455751660713,1.59202899128664,0.1176642950453,0.787114390529163,1.0,Natural_improvement,Natural_improvement
Cytoplasmic,gomf,gomf::GOMF_MRNA_REGULATORY_ELEMENT_BINDING_TRANSLATION_REPRESSOR_ACTIVITY,GOMF_MRNA_REGULATORY_ELEMENT_BINDING_TRANSLATION_REPRESSOR_ACTIVITY,16,0.574,0.0,1.0,0.737687039633866,0.925465308892606,-0.887654496420245,0.861067679662112,0.466796462735312,1.0,-0.932285926198285,0.687644594420267,-0.863402550284715,0.828289923522256,-1.446991632445,0.50215602587231,Complex,Complex
Cytoplasmic,reactome,reactome::REACTOME_RESPIRATORY_SYNCYTIAL_VIRUS_RSV_GENOME_REPLICATION_TRANSCRIPTION_AND_TRANSLATION,REACTOME_RESPIRATORY_SYNCYTIAL_VIRUS_RSV_GENOME_REPLICATION_TRANSCRIPTION_AND_TRANSLATION,16,0.574,0.0,1.0,-1.12028483481646,0.503392366079913,0.682880600543602,0.948212929816867,-1.07718531209765,0.772320688534808,-0.499406991933749,0.998044895113561,0.325252667599731,1.0,-0.764494791529303,0.99998153721175,Complex,Complex
Cytoplasmic,gocc,gocc::GOCC_EUKARYOTIC_TRANSLATION_INITIATION_FACTOR_3_COMPLEX,GOCC_EUKARYOTIC_TRANSLATION_INITIATION_FACTOR_3_COMPLEX,15,0.574,0.0,1.0,-0.864953742726633,0.789284882364487,-0.701242606384775,0.937522166839768,-1.25766018341579,0.914600780388212,0.777255837590116,0.831058109333098,-0.576972004263482,0.985553382517692,-0.837588166394869,0.999981460882462,Complex,Complex
Cytoplasmic,gomf,gomf::GOMF_RIBOSOMAL_LARGE_SUBUNIT_BINDING,GOMF_RIBOSOMAL_LARGE_SUBUNIT_BINDING,15,0.574,0.0,1.0,-1.24320078256985,0.454332098567133,1.35331412256891,0.370864466872145,0.658040585481262,1.0,-0.861288197706876,0.767931232364411,1.07408056055474,0.608221072494283,0.773610631593925,0.99965983960351,Complex,Complex
Cytoplasmic,gomf,gomf::GOMF_TRANSLATION_ELONGATION_FACTOR_ACTIVITY,GOMF_TRANSLATION_ELONGATION_FACTOR_ACTIVITY,15,0.574,0.0,1.0,1.12118872406444,0.570778129370985,-1.27233165580662,0.438588597806552,-0.561978791914186,1.0,1.22514259208589,0.393746351097039,-1.36799344733795,0.316302584002922,-0.85069734227552,0.99965983960351,Complex,Complex
Cytoplasmic,gobp,gobp::GOBP_FORMATION_OF_CYTOPLASMIC_TRANSLATION_INITIATION_COMPLEX,GOBP_FORMATION_OF_CYTOPLASMIC_TRANSLATION_INITIATION_COMPLEX,14,0.574,0.0,1.0,-0.812296992517916,0.885552942532681,-0.841152370264502,0.848859656442943,-1.30460817902333,0.963900029438315,0.952316687010122,0.67009218963898,-0.753412138582641,0.916674233063391,-1.06148644554986,0.905119773922981,Complex,Complex
Cytoplasmic,gobp,gobp::GOBP_POST_TRANSLATIONAL_PROTEIN_TARGETING_TO_ENDOPLASMIC_RETICULUM_MEMBRANE,GOBP_POST_TRANSLATIONAL_PROTEIN_TARGETING_TO_ENDOPLASMIC_RETICULUM_MEMBRANE,14,0.574,0.0,1.0,-0.785187130617545,0.9070004489673,-0.735015061124181,0.934449634486016,-1.01025878005276,1.0,-0.937731041352763,0.684911772518758,1.02517066836083,0.670236699498133,0.851145869219804,1.0,Complex,Complex
Cytoplasmic,gobp,gobp::GOBP_REGULATION_OF_TRANSLATIONAL_FIDELITY,GOBP_REGULATION_OF_TRANSLATIONAL_FIDELITY,14,0.574,0.0,1.0,-1.21350567338854,0.455490001497739,1.297298815271,0.376101192925501,1.12068668079845,1.0,-1.18002340951097,0.424173691086563,1.37488377961712,0.291490090354703,1.37157549755326,0.678882357571335,Complex,Complex
Cytoplasmic,gobp,gobp::GOBP_RIBOSOMAL_SUBUNIT_EXPORT_FROM_NUCLEUS,GOBP_RIBOSOMAL_SUBUNIT_EXPORT_FROM_NUCLEUS,14,0.574,0.0,1.0,-1.82181756797033,0.0328781826194504,1.97929373909803,0.0052482297507173,0.651071207938694,1.0,-1.39434859981055,0.22475954885504,1.51783922333488,0.170914925828335,0.766443511193072,1.0,Compensation,Complex
Cytoplasmic,gocc,gocc::GOCC_PRERIBOSOME_SMALL_SUBUNIT_PRECURSOR,GOCC_PRERIBOSOME_SMALL_SUBUNIT_PRECURSOR,13,0.574,0.0,1.0,-2.00778314788342,0.0027328070875736,1.65515512383082,0.0628006681614162,-1.25886253290947,0.916225838266657,-1.31644237859283,0.236160942637397,1.05014923877469,0.515472342117588,-0.815213981316572,0.999981460882462,Natural_improvement,Complex
Cytoplasmic,gocc,gocc::GOCC_EUKARYOTIC_TRANSLATION_INITIATION_FACTOR_4F_COMPLEX,GOCC_EUKARYOTIC_TRANSLATION_INITIATION_FACTOR_4F_COMPLEX,12,0.574,0.0,1.0,-1.13556758559882,0.447763987127759,0.825833598068891,0.816295842132528,-0.936782184654037,1.0,-1.07694753279352,0.481274854828935,1.14014587046457,0.422316778578831,0.542221893159308,0.999981460882462,Complex,Complex
Cytoplasmic,reactome,reactome::REACTOME_TRANSLATION_OF_REPLICASE_AND_ASSEMBLY_OF_THE_REPLICATION_TRANSCRIPTION_COMPLEX,REACTOME_TRANSLATION_OF_REPLICASE_AND_ASSEMBLY_OF_THE_REPLICATION_TRANSCRIPTION_COMPLEX,12,0.574,0.0,1.0,1.08925040016532,0.54315919184716,-1.09299466559447,0.590675913884417,-0.63912626745357,0.999688672881678,1.30612862843892,0.298754614938582,-1.04623758743144,0.589833666882668,1.00669304592307,0.953928235249821,Complex,Complex
Cytoplasmic,gobp,gobp::GOBP_REGULATION_OF_TRANSLATIONAL_ELONGATION,GOBP_REGULATION_OF_TRANSLATIONAL_ELONGATION,11,0.574,0.0,1.0,0.70114183936245,0.957001091754831,-1.02300868322369,0.665393731120511,-0.930047237021479,1.0,-0.719009833582315,0.892159333543351,0.596918444551089,0.980997247467172,-0.876702807143355,0.995655183707857,Complex,Complex
Cytoplasmic,gobp,gobp::GOBP_REGULATION_OF_TRANSLATIONAL_INITIATION_IN_RESPONSE_TO_STRESS,GOBP_REGULATION_OF_TRANSLATIONAL_INITIATION_IN_RESPONSE_TO_STRESS,11,0.574,0.0,1.0,0.434929520333112,0.999984005374194,-0.938154281750296,0.75248276921278,-1.15397320144516,1.0,1.10021931225641,0.508154148651451,-1.55177244898384,0.164650898578724,-1.25194878191082,0.791786469738662,Complex,Complex
Cytoplasmic,gobp,gobp::GOBP_FORMATION_OF_TRANSLATION_PREINITIATION_COMPLEX,GOBP_FORMATION_OF_TRANSLATION_PREINITIATION_COMPLEX,10,0.574,0.0,1.0,-1.02352269538573,0.668899426013634,0.885080380909858,0.811361169693909,-1.41040933022752,0.899559091121168,-0.828523319396696,0.793237079981352,-0.87889431112129,0.806296458274121,-1.12562758099221,0.872715882316798,Complex,Complex
Cytoplasmic,gobp,gobp::GOBP_IRES_DEPENDENT_VIRAL_TRANSLATIONAL_INITIATION,GOBP_IRES_DEPENDENT_VIRAL_TRANSLATIONAL_INITIATION,10,0.574,0.0,1.0,0.742012476638826,0.932401757806902,-1.21247584075546,0.47215628919936,-1.47565344590453,0.868121032085533,1.0834032694284,0.530105899188919,-1.33268829797925,0.343915300362479,-1.28427372039716,0.766430577556192,Complex,Complex
Cytoplasmic,gobp,gobp::GOBP_NEGATIVE_REGULATION_OF_CYTOPLASMIC_TRANSLATION,GOBP_NEGATIVE_REGULATION_OF_CYTOPLASMIC_TRANSLATION,10,0.574,0.0,1.0,1.1409087429571,0.539474178331985,-1.1513072173886,0.537126384858602,0.597264257296534,1.0,1.03505748972259,0.584099848800124,-0.787761017289241,0.886784453672087,-0.614101151354823,1.0,Complex,Complex
Cytoplasmic,gomf,gomf::GOMF_MRNA_BASE_PAIRING_TRANSLATIONAL_REPRESSOR_ACTIVITY,GOMF_MRNA_BASE_PAIRING_TRANSLATIONAL_REPRESSOR_ACTIVITY,10,0.574,0.0,1.0,-0.774300477623192,0.883668034763227,0.632279163356033,0.986509991214704,-1.07274244435699,1.0,-0.964817800188054,0.656293923817518,0.810095229262733,0.865608698404103,-1.49955363487614,0.490804645440274,Complex,Complex
