"pathway_id","gene_symbol"
"GO:0014069","ABI1"
"GO:0014069","ABI1"
"GO:0014069","ABI1"
"GO:0014069","ABL1"
"GO:0014069","ABLIM1"
"GO:0014069","ADGRA1"
"GO:0014069","AGAP3"
"GO:0099524","ALDOC"
"GO:0014069","ALS2"
"GO:0014069","AMOT"
"GO:0014069","ANK3"
"GO:0099523","ANKS1B"
"GO:0014069","ANKS1B"
"GO:0014069","APBB1"
"GO:0014069","ARF1"
"GO:0014069","ARHGAP32"
"GO:0014069","ARHGAP33"
"GO:0014069","ARHGAP44"
"GO:0099523","ARL6IP5"
"GO:0014069","ARPC5"
"GO:0014069","ARRB1"
"GO:0014069","ARRB2"
"GO:0014069","AURKA"
"GO:0014069","BAIAP2"
"GO:0099524","BAIAP2"
"GO:0099523","BAIAP2"
"GO:0014069","BRSK1"
"GO:0099523","C9ORF72"
"GO:0099523","CALB1"
"GO:0099524","CALB1"
"GO:0099523","CALM1"
"GO:0099524","CALM1"
"GO:0099523","CALM2"
"GO:0099524","CALM2"
"GO:0099524","CALM3"
"GO:0099523","CALM3"
"GO:0014069","CAMK1"
"GO:0099523","CAMK2A"
"GO:0014069","CAMK2A"
"GO:0099524","CAMK2A"
"GO:0014069","CAMK2B"
"GO:0099524","CAMK2D"
"GO:0099524","CAMK2G"
"GO:0014069","CAPN1"
"GO:0014069","CAPZB"
"GO:0014069","CASP3"
"GO:0014069","CD200"
"GO:0014069","CHMP2B"
"GO:0014069","CHMP4B"
"GO:0014069","CPEB1"
"GO:0014069","CRTAC1"
"GO:0014069","CRTC1"
"GO:0099523","CSNK2B"
"GO:0099523","CTBP2"
"GO:0045211","CTNNB1"
"GO:0014069","CTNND2"
"GO:0014069","CTNND2"
"GO:0014069","CYLD"
"GO:0099524","DAG1"
"GO:0014069","DAPK1"
"GO:0099524","DBN1"
"GO:0014069","DBN1"
"GO:0045211","DBN1"
"GO:0045211","DBN1"
"GO:0014069","DDX3X"
"GO:0014069","DGCR8"
"GO:0014069","DGKZ"
"GO:0014069","DISC1"
"GO:0014069","DLG5"
"GO:0014069","DNAJB1"
"GO:0014069","DPYSL2"
"GO:0014069","DROSHA"
"GO:0014069","DRP2"
"GO:0014069","DTNBP1"
"GO:0014069","DVL1"
"GO:0014069","DYNLL2"
"GO:0014069","EEF2K"
"GO:0014069","EGLN1"
"GO:0014069","EIF3A"
"GO:0014069","EIF3A"
"GO:0014069","EIF3E"
"GO:0099524","EIF4E"
"GO:0099524","EIF4EBP1"
"GO:0014069","EIF4G2"
"GO:0014069","EIF4G2"
"GO:0014069","EPS8"
"GO:0014069","EPS8"
"GO:0099523","ERC1"
"GO:0099524","FABP5"
"GO:0099523","FBXO45"
"GO:0099524","FBXO45"
"GO:0099523","FMR1"
"GO:0099524","FMR1"
"GO:0014069","FRMPD4"
"GO:0014069","FRMPD4"
"GO:0099524","FUS"
"GO:0099523","FUS"
"GO:0099523","FUS"
"GO:0099524","GDA"
"GO:0099523","GDA"
"GO:0099523","GDI1"
"GO:0045211","GNAO1"
"GO:0045211","GNB5"
"GO:0045211","GNB5"
"GO:0045211","GNB5"
"GO:0014069","GPSM2"
"GO:0014069","GRIP1"
"GO:0014069","GRIP2"
"GO:0014069","GRK2"
"GO:0014069","GRK3"
"GO:0014069","GSK3B"
"GO:0099524","HAP1"
"GO:0099523","HAP1"
"GO:0045211","HIP1"
"GO:0014069","HNRNPA2B1"
"GO:0099524","HNRNPA2B1"
"GO:0014069","HNRNPA3"
"GO:0014069","HNRNPA3"
"GO:0099523","HNRNPAB"
"GO:0099523","HNRNPAB"
"GO:0014069","HNRNPD"
"GO:0014069","HNRNPH1"
"GO:0014069","HNRNPH2"
"GO:0014069","HNRNPM"
"GO:0014069","HOMER1"
"GO:0099524","HOMER1"
"GO:0014069","HOMER2"
"GO:0014069","HOMER3"
"GO:0014069","HSPA8"
"GO:0014069","HSPA8"
"GO:0099523","HTT"
"GO:0099524","HTT"
"GO:0014069","INPP4A"
"GO:0014069","KALRN"
"GO:0045211","KCTD12"
"GO:0045211","KCTD12"
"GO:0045211","KCTD16"
"GO:0099524","KIF5A"
"GO:0099524","KIF5B"
"GO:0099524","KIF5B"
"GO:0099524","KIF5C"
"GO:0014069","KPNA1"
"GO:0014069","KPNA2"
"GO:0099523","LRRK2"
"GO:0099523","LRRK2"
"GO:0014069","LZTS3"
"GO:0014069","MAGI2"
"GO:0014069","MAP1A"
"GO:0014069","MAP2K1"
"GO:0014069","MAPK1"
"GO:0099523","MARCKS"
"GO:0099523","MARCKSL1"
"GO:0014069","MDM2"
"GO:0014069","MIB1"
"GO:0014069","MPDZ"
"GO:0099524","MTOR"
"GO:0014069","MYO6"
"GO:0045211","NAPEPLD"
"GO:0014069","NCKAP1"
"GO:0099523","NCS1"
"GO:0099524","NCS1"
"GO:0099524","NEDD4"
"GO:0014069","NEGR1"
"GO:0014069","NEURL1"
"GO:0045211","NRGN"
"GO:0099523","NSF"
"GO:0045211","NTRK2"
"GO:0014069","NUMB"
"GO:0099523","OGT"
"GO:0099524","OGT"
"GO:0014069","OPCML"
"GO:0014069","PAK1"
"GO:0014069","PAK2"
"GO:0014069","PAK3"
"GO:0014069","PAK6"
"GO:0014069","PCBP1"
"GO:0014069","PCBP2"
"GO:0014069","PCDH7"
"GO:0014069","PDLIM4"
"GO:0014069","PHB1"
"GO:0014069","PHB2"
"GO:0099524","PIAS1"
"GO:0099523","PIAS1"
"GO:0099524","PIAS3"
"GO:0099523","PIAS3"
"GO:0099524","PIN1"
"GO:0014069","PIP5K1C"
"GO:0014069","PJA2"
"GO:0099524","PLCB1"
"GO:0099524","PLCB3"
"GO:0014069","PLCB4"
"GO:0014069","PLEKHA5"
"GO:0099523","PNKD"
"GO:0099523","PPFIA2"
"GO:0099523","PPFIA2"
"GO:0014069","PPFIA2"
"GO:0014069","PPP1R9A"
"GO:0014069","PPP1R9B"
"GO:0014069","PPP1R9B"
"GO:0099523","PPP3CC"
"GO:0099523","PPP3CC"
"GO:0099523","PPT1"
"GO:0014069","PRICKLE1"
"GO:0014069","PRICKLE2"
"GO:0014069","PRICKLE2"
"GO:0099523","PRKCA"
"GO:0099523","PRKCB"
"GO:0099524","PRKCD"
"GO:0099523","PRKCE"
"GO:0099523","PRKCG"
"GO:0099524","PRKCG"
"GO:0014069","PRKCZ"
"GO:0099524","PTEN"
"GO:0014069","PURA"
"GO:0099523","RABEP1"
"GO:0014069","RAPGEF4"
"GO:0099523","RAPH1"
"GO:0014069","RBMX"
"GO:0014069","RELN"
"GO:0014069","RGS14"
"GO:0099524","RGS4"
"GO:0045211","RGS7"
"GO:0045211","RGS7"
"GO:0014069","RHEB"
"GO:0099524","RIMS3"
"GO:0014069","ROCK2"
"SYNGO:presyn_ribosome","RPL10"
"SYNGO:postsyn_ribosome","RPL10"
"SYNGO:presyn_ribosome","RPL10A"
"GO:0014069","RPL10A"
"SYNGO:postsyn_ribosome","RPL10A"
"SYNGO:presyn_ribosome","RPL11"
"SYNGO:postsyn_ribosome","RPL11"
"GO:0014069","RPL12"
"SYNGO:postsyn_ribosome","RPL12"
"SYNGO:presyn_ribosome","RPL12"
"SYNGO:presyn_ribosome","RPL13"
"SYNGO:postsyn_ribosome","RPL13"
"SYNGO:presyn_ribosome","RPL13A"
"SYNGO:postsyn_ribosome","RPL13A"
"GO:0014069","RPL14"
"SYNGO:presyn_ribosome","RPL14"
"SYNGO:postsyn_ribosome","RPL14"
"SYNGO:postsyn_ribosome","RPL15"
"SYNGO:presyn_ribosome","RPL15"
"SYNGO:postsyn_ribosome","RPL17"
"SYNGO:presyn_ribosome","RPL17"
"SYNGO:postsyn_ribosome","RPL18"
"SYNGO:presyn_ribosome","RPL18"
"GO:0014069","RPL18A"
"GO:0014069","RPL18A"
"SYNGO:postsyn_ribosome","RPL21"
"SYNGO:presyn_ribosome","RPL22"
"SYNGO:postsyn_ribosome","RPL22"
"SYNGO:presyn_ribosome","RPL23"
"SYNGO:postsyn_ribosome","RPL23"
"GO:0014069","RPL23"
"SYNGO:postsyn_ribosome","RPL23A"
"SYNGO:presyn_ribosome","RPL23A"
"SYNGO:presyn_ribosome","RPL24"
"SYNGO:postsyn_ribosome","RPL24"
"SYNGO:presyn_ribosome","RPL26"
"SYNGO:postsyn_ribosome","RPL26"
"SYNGO:presyn_ribosome","RPL27"
"SYNGO:postsyn_ribosome","RPL27"
"SYNGO:presyn_ribosome","RPL27A"
"SYNGO:postsyn_ribosome","RPL27A"
"SYNGO:postsyn_ribosome","RPL28"
"SYNGO:presyn_ribosome","RPL28"
"SYNGO:postsyn_ribosome","RPL29"
"SYNGO:presyn_ribosome","RPL29"
"GO:0014069","RPL30"
"GO:0014069","RPL30"
"SYNGO:postsyn_ribosome","RPL30"
"SYNGO:postsyn_ribosome","RPL31"
"SYNGO:presyn_ribosome","RPL32"
"SYNGO:postsyn_ribosome","RPL32"
"SYNGO:postsyn_ribosome","RPL34"
"SYNGO:presyn_ribosome","RPL34"
"SYNGO:postsyn_ribosome","RPL35"
"SYNGO:presyn_ribosome","RPL35"
"SYNGO:postsyn_ribosome","RPL35A"
"SYNGO:presyn_ribosome","RPL35A"
"SYNGO:postsyn_ribosome","RPL36"
"SYNGO:presyn_ribosome","RPL36"
"SYNGO:postsyn_ribosome","RPL36A"
"SYNGO:presyn_ribosome","RPL36A"
"SYNGO:presyn_ribosome","RPL37"
"SYNGO:postsyn_ribosome","RPL37"
"SYNGO:presyn_ribosome","RPL37A"
"SYNGO:postsyn_ribosome","RPL37A"
"GO:0014069","RPL38"
"SYNGO:presyn_ribosome","RPL38"
"SYNGO:postsyn_ribosome","RPL38"
"GO:0014069","RPL4"
"SYNGO:presyn_ribosome","RPL4"
"SYNGO:postsyn_ribosome","RPL4"
"SYNGO:presyn_ribosome","RPL5"
"GO:0014069","RPL5"
"SYNGO:postsyn_ribosome","RPL5"
"GO:0014069","RPL6"
"SYNGO:postsyn_ribosome","RPL6"
"SYNGO:presyn_ribosome","RPL6"
"SYNGO:postsyn_ribosome","RPL7"
"SYNGO:presyn_ribosome","RPL7"
"GO:0014069","RPL7"
"SYNGO:presyn_ribosome","RPL7A"
"SYNGO:postsyn_ribosome","RPL7A"
"SYNGO:postsyn_ribosome","RPL8"
"GO:0014069","RPL8"
"SYNGO:presyn_ribosome","RPL8"
"SYNGO:postsyn_ribosome","RPL9"
"SYNGO:presyn_ribosome","RPL9"
"GO:0014069","RPLP0"
"SYNGO:postsyn_ribosome","RPLP0"
"SYNGO:presyn_ribosome","RPLP0"
"GO:0014069","RPLP0"
"SYNGO:postsyn_ribosome","RPLP1"
"SYNGO:postsyn_ribosome","RPLP2"
"SYNGO:presyn_ribosome","RPLP2"
"SYNGO:presyn_ribosome","RPS10"
"SYNGO:postsyn_ribosome","RPS10"
"SYNGO:presyn_ribosome","RPS11"
"SYNGO:postsyn_ribosome","RPS11"
"SYNGO:postsyn_ribosome","RPS12"
"SYNGO:presyn_ribosome","RPS12"
"SYNGO:postsyn_ribosome","RPS13"
"SYNGO:presyn_ribosome","RPS13"
"GO:0014069","RPS13"
"SYNGO:presyn_ribosome","RPS14"
"GO:0014069","RPS14"
"SYNGO:postsyn_ribosome","RPS14"
"SYNGO:postsyn_ribosome","RPS15"
"SYNGO:postsyn_ribosome","RPS15A"
"SYNGO:presyn_ribosome","RPS15A"
"SYNGO:postsyn_ribosome","RPS16"
"SYNGO:presyn_ribosome","RPS16"
"SYNGO:postsyn_ribosome","RPS17"
"SYNGO:postsyn_ribosome","RPS18"
"GO:0014069","RPS18"
"GO:0014069","RPS19"
"SYNGO:postsyn_ribosome","RPS19"
"SYNGO:postsyn_ribosome","RPS2"
"SYNGO:postsyn_ribosome","RPS20"
"SYNGO:postsyn_ribosome","RPS21"
"SYNGO:postsyn_ribosome","RPS23"
"SYNGO:presyn_ribosome","RPS24"
"SYNGO:postsyn_ribosome","RPS24"
"GO:0014069","RPS25"
"SYNGO:postsyn_ribosome","RPS26"
"SYNGO:presyn_ribosome","RPS26"
"GO:0014069","RPS27"
"SYNGO:postsyn_ribosome","RPS27"
"SYNGO:presyn_ribosome","RPS27"
"SYNGO:presyn_ribosome","RPS27A"
"SYNGO:postsyn_ribosome","RPS27A"
"SYNGO:presyn_ribosome","RPS28"
"SYNGO:postsyn_ribosome","RPS28"
"SYNGO:postsyn_ribosome","RPS3"
"GO:0014069","RPS3"
"SYNGO:postsyn_ribosome","RPS3A"
"SYNGO:presyn_ribosome","RPS5"
"SYNGO:postsyn_ribosome","RPS5"
"SYNGO:postsyn_ribosome","RPS6"
"SYNGO:presyn_ribosome","RPS6"
"GO:0014069","RPS6KA1"
"GO:0014069","RPS6KC1"
"SYNGO:postsyn_ribosome","RPS7"
"SYNGO:postsyn_ribosome","RPS8"
"SYNGO:postsyn_ribosome","RPS9"
"SYNGO:postsyn_ribosome","RPSA"
"GO:0014069","SAMD4A"
"GO:0099524","SENP1"
"GO:0099523","SENP1"
"GO:0099523","SENP5"
"GO:0099524","SENP5"
"GO:0099524","SENP6"
"GO:0099523","SENP6"
"GO:0099524","SENP7"
"GO:0099523","SENP7"
"GO:0099523","SH3GL2"
"GO:0014069","SH3KBP1"
"GO:0014069","SHANK1"
"GO:0014069","SHANK2"
"GO:0014069","SHANK3"
"GO:0014069","SHARPIN"
"GO:0014069","SLC6A9"
"GO:0014069","SNAP47"
"GO:0045211","SNAP91"
"GO:0099523","SNCB"
"GO:0014069","SOS1"
"GO:0014069","SPOCK1"
"GO:0014069","SRGAP2"
"GO:0014069","STAT3"
"GO:0014069","STRN"
"GO:0099523","STXBP1"
"GO:0099523","STXBP5"
"GO:0099524","SUMO1"
"GO:0099523","SUMO1"
"GO:0099523","SUMO2"
"GO:0099524","SUMO2"
"GO:0099523","SUMO3"
"GO:0099524","SUMO3"
"GO:0014069","SYNCRIP"
"GO:0099523","SYT1"
"GO:0045211","SYT1"
"GO:0014069","SYT1"
"GO:0099524","SYT1"
"GO:0014069","TACC3"
"GO:0014069","TAMALIN"
"GO:0014069","TANC2"
"GO:0099523","TNK2"
"GO:0099524","TNK2"
"GO:0099523","TRIM9"
"GO:0014069","TSC1"
"GO:0014069","TSC2"
"SYNGO:presyn_ribosome","UBA52"
"SYNGO:postsyn_ribosome","UBA52"
"GO:0099524","UBE2I"
"GO:0099523","UBE2I"
"GO:0014069","UBE2V1"
"GO:0099524","UBE3A"
"GO:0099523","USP14"
"GO:0014069","USP8"
"GO:0014069","VAMP2"
"GO:0099524","VAMP2"
"GO:0014069","VHL"
"GO:0014069","ZDHHC2"
"GOBP_RIBOSOME_BIOGENESIS","AATF"
"GOBP_RIBOSOME_BIOGENESIS","AATF"
"GOBP_RIBOSOME_BIOGENESIS","ABCE1"
"GOBP_RIBOSOME_BIOGENESIS","ABT1"
"GOBP_RIBOSOME_BIOGENESIS","BMS1"
"GOBP_RIBOSOME_BIOGENESIS","BOP1"
"GOBP_RIBOSOME_BIOGENESIS","BOP1"
"GOBP_RIBOSOME_BIOGENESIS","BRIX1"
"GOBP_RIBOSOME_BIOGENESIS","BUD23"
"GOBP_RIBOSOME_BIOGENESIS","BYSL"
"GOBP_RIBOSOME_BIOGENESIS","C1D"
"GOBP_RIBOSOME_BIOGENESIS","C1QBP"
"GOBP_RIBOSOME_BIOGENESIS","CHD7"
"GOBP_RIBOSOME_BIOGENESIS","CUL4A"
"GOBP_RIBOSOME_BIOGENESIS","CUL4B"
"GOBP_RIBOSOME_BIOGENESIS","DCAF13"
"GOBP_RIBOSOME_BIOGENESIS","DDX10"
"GOBP_RIBOSOME_BIOGENESIS","DDX17"
"GOBP_RIBOSOME_BIOGENESIS","DDX18"
"GOBP_RIBOSOME_BIOGENESIS","DDX21"
"GOBP_RIBOSOME_BIOGENESIS","DDX27"
"GOBP_RIBOSOME_BIOGENESIS","DDX28"
"GOBP_RIBOSOME_BIOGENESIS","DDX31"
"GOBP_RIBOSOME_BIOGENESIS","DDX3X"
"GOBP_RIBOSOME_BIOGENESIS","DDX47"
"GOBP_RIBOSOME_BIOGENESIS","DDX49"
"GOBP_RIBOSOME_BIOGENESIS","DDX51"
"GOBP_RIBOSOME_BIOGENESIS","DDX51"
"GOBP_RIBOSOME_BIOGENESIS","DDX52"
"GOBP_RIBOSOME_BIOGENESIS","DDX52"
"GOBP_RIBOSOME_BIOGENESIS","DDX54"
"GOBP_RIBOSOME_BIOGENESIS","DDX56"
"GOBP_RIBOSOME_BIOGENESIS","DHX29"
"GOBP_RIBOSOME_BIOGENESIS","DHX30"
"GOBP_RIBOSOME_BIOGENESIS","DHX37"
"GOBP_RIBOSOME_BIOGENESIS","DIMT1"
"GOBP_RIBOSOME_BIOGENESIS","DIS3"
"GOBP_RIBOSOME_BIOGENESIS","DKC1"
"GOBP_RIBOSOME_BIOGENESIS","DROSHA"
"GOBP_RIBOSOME_BIOGENESIS","EBNA1BP2"
"GOBP_RIBOSOME_BIOGENESIS","EFL1"
"GOBP_RIBOSOME_BIOGENESIS","EIF2A"
"GOBP_RIBOSOME_BIOGENESIS","EIF4A3"
"GOBP_RIBOSOME_BIOGENESIS","EIF6"
"GOBP_RIBOSOME_BIOGENESIS","EMG1"
"GOBP_RIBOSOME_BIOGENESIS","ENSG00000275464"
"GOBP_RIBOSOME_BIOGENESIS","ERAL1"
"GOBP_RIBOSOME_BIOGENESIS","ERCC2"
"GOBP_RIBOSOME_BIOGENESIS","ERI1"
"GOBP_RIBOSOME_BIOGENESIS","ERI2"
"GOBP_RIBOSOME_BIOGENESIS","ERI3"
"GOBP_RIBOSOME_BIOGENESIS","ESF1"
"GOBP_RIBOSOME_BIOGENESIS","EXOSC1"
"GOBP_RIBOSOME_BIOGENESIS","EXOSC10"
"GOBP_RIBOSOME_BIOGENESIS","EXOSC2"
"GOBP_RIBOSOME_BIOGENESIS","EXOSC3"
"GOBP_RIBOSOME_BIOGENESIS","EXOSC4"
"GOBP_RIBOSOME_BIOGENESIS","EXOSC5"
"GOBP_RIBOSOME_BIOGENESIS","EXOSC6"
"GOBP_RIBOSOME_BIOGENESIS","EXOSC7"
"GOBP_RIBOSOME_BIOGENESIS","EXOSC8"
"GOBP_RIBOSOME_BIOGENESIS","EXOSC9"
"GOBP_RIBOSOME_BIOGENESIS","FASTKD2"
"GOBP_RIBOSOME_BIOGENESIS","FBL"
"GOBP_RIBOSOME_BIOGENESIS","FBL"
"GOBP_RIBOSOME_BIOGENESIS","FBLL1"
"GOBP_RIBOSOME_BIOGENESIS","FCF1"
"GOBP_RIBOSOME_BIOGENESIS","FDXACB1"
"GOBP_RIBOSOME_BIOGENESIS","FRG1"
"GOBP_RIBOSOME_BIOGENESIS","FRG1"
"GOBP_RIBOSOME_BIOGENESIS","FRG1"
"GOBP_RIBOSOME_BIOGENESIS","FRG1"
"GOBP_RIBOSOME_BIOGENESIS","FTSJ3"
"GOBP_RIBOSOME_BIOGENESIS","GAR1"
"GOBP_RIBOSOME_BIOGENESIS","GEMIN4"
"GOBP_RIBOSOME_BIOGENESIS","GLUL"
"GOBP_RIBOSOME_BIOGENESIS","GNL2"
"GOBP_RIBOSOME_BIOGENESIS","GNL3L"
"GOBP_RIBOSOME_BIOGENESIS","GPATCH4"
"GOBP_RIBOSOME_BIOGENESIS","GTF2H5"
"GOBP_RIBOSOME_BIOGENESIS","GTF3A"
"GOBP_RIBOSOME_BIOGENESIS","GTPBP10"
"GOBP_RIBOSOME_BIOGENESIS","GTPBP4"
"GOBP_RIBOSOME_BIOGENESIS","HEATR1"
"GOBP_RIBOSOME_BIOGENESIS","HEATR3"
"GOBP_RIBOSOME_BIOGENESIS","HELB"
"GOBP_RIBOSOME_BIOGENESIS","HELQ"
"GOBP_RIBOSOME_BIOGENESIS","IMP3"
"GOBP_RIBOSOME_BIOGENESIS","IMP4"
"GOBP_RIBOSOME_BIOGENESIS","ISG20"
"GOBP_RIBOSOME_BIOGENESIS","ISG20L2"
"GOBP_RIBOSOME_BIOGENESIS","KAT2B"
"GOBP_RIBOSOME_BIOGENESIS","KRI1"
"GOBP_RIBOSOME_BIOGENESIS","KRR1"
"GOBP_RIBOSOME_BIOGENESIS","LAS1L"
"GOBP_RIBOSOME_BIOGENESIS","LSG1"
"GOBP_RIBOSOME_BIOGENESIS","LSM6"
"GOBP_RIBOSOME_BIOGENESIS","LTO1"
"GOBP_RIBOSOME_BIOGENESIS","LTV1"
"GOBP_RIBOSOME_BIOGENESIS","LYAR"
"GOBP_RIBOSOME_BIOGENESIS","MAK16"
"GOBP_RIBOSOME_BIOGENESIS","MALSU1"
"GOBP_RIBOSOME_BIOGENESIS","MDN1"
"GOBP_RIBOSOME_BIOGENESIS","MDN1"
"GOBP_RIBOSOME_BIOGENESIS","METTL15"
"GOBP_RIBOSOME_BIOGENESIS","METTL15P1"
"GOBP_RIBOSOME_BIOGENESIS","METTL16"
"GOBP_RIBOSOME_BIOGENESIS","METTL17"
"GOBP_RIBOSOME_BIOGENESIS","METTL18"
"GOBP_RIBOSOME_BIOGENESIS","METTL25B"
"GOBP_RIBOSOME_BIOGENESIS","METTL5"
"GOBP_RIBOSOME_BIOGENESIS","MPHOSPH10"
"GOBP_RIBOSOME_BIOGENESIS","MPHOSPH6"
"GOBP_RIBOSOME_BIOGENESIS","MPV17L2"
"GOBP_RIBOSOME_BIOGENESIS","MRM1"
"GOBP_RIBOSOME_BIOGENESIS","MRM1"
"GOBP_RIBOSOME_BIOGENESIS","MRM2"
"GOBP_RIBOSOME_BIOGENESIS","MRM3"
"GOBP_RIBOSOME_BIOGENESIS","MRPL1"
"GOBP_RIBOSOME_BIOGENESIS","MRPL20"
"GOBP_RIBOSOME_BIOGENESIS","MRPL22"
"GOBP_RIBOSOME_BIOGENESIS","MRPL36"
"GOBP_RIBOSOME_BIOGENESIS","MRPS11"
"GOBP_RIBOSOME_BIOGENESIS","MRPS2"
"GOBP_RIBOSOME_BIOGENESIS","MRPS7"
"GOBP_RIBOSOME_BIOGENESIS","MRTO4"
"GOBP_RIBOSOME_BIOGENESIS","MTERF3"
"GOBP_RIBOSOME_BIOGENESIS","MTERF4"
"GOBP_RIBOSOME_BIOGENESIS","MTG2"
"GOBP_RIBOSOME_BIOGENESIS","MTREX"
"GOBP_RIBOSOME_BIOGENESIS","MYBBP1A"
"GOBP_RIBOSOME_BIOGENESIS","NAF1"
"GOBP_RIBOSOME_BIOGENESIS","NAT10"
"GOBP_RIBOSOME_BIOGENESIS","NGDN"
"GOBP_RIBOSOME_BIOGENESIS","NGRN"
"GOBP_RIBOSOME_BIOGENESIS","NHP2"
"GOBP_RIBOSOME_BIOGENESIS","NIFK"
"GOBP_RIBOSOME_BIOGENESIS","NIP7"
"GOBP_RIBOSOME_BIOGENESIS","NLE1"
"GOBP_RIBOSOME_BIOGENESIS","NMD3"
"GOBP_RIBOSOME_BIOGENESIS","NOB1"
"GOBP_RIBOSOME_BIOGENESIS","NOC2L"
"GOBP_RIBOSOME_BIOGENESIS","NOC4L"
"GOBP_RIBOSOME_BIOGENESIS","NOC4L"
"GOBP_RIBOSOME_BIOGENESIS","NOL10"
"GOBP_RIBOSOME_BIOGENESIS","NOL11"
"GOBP_RIBOSOME_BIOGENESIS","NOL6"
"GOBP_RIBOSOME_BIOGENESIS","NOL8"
"GOBP_RIBOSOME_BIOGENESIS","NOL9"
"GOBP_RIBOSOME_BIOGENESIS","NOLC1"
"GOBP_RIBOSOME_BIOGENESIS","NOM1"
"GOBP_RIBOSOME_BIOGENESIS","NOP10"
"GOBP_RIBOSOME_BIOGENESIS","NOP14"
"GOBP_RIBOSOME_BIOGENESIS","NOP16"
"GOBP_RIBOSOME_BIOGENESIS","NOP2"
"GOBP_RIBOSOME_BIOGENESIS","NOP53"
"GOBP_RIBOSOME_BIOGENESIS","NOP56"
"GOBP_RIBOSOME_BIOGENESIS","NOP58"
"GOBP_RIBOSOME_BIOGENESIS","NOP9"
"GOBP_RIBOSOME_BIOGENESIS","NOP9"
"GOBP_RIBOSOME_BIOGENESIS","NPM1"
"GOBP_RIBOSOME_BIOGENESIS","NPM3"
"GOBP_RIBOSOME_BIOGENESIS","NSA2"
"GOBP_RIBOSOME_BIOGENESIS","NSUN3"
"GOBP_RIBOSOME_BIOGENESIS","NSUN4"
"GOBP_RIBOSOME_BIOGENESIS","NSUN5"
"GOBP_RIBOSOME_BIOGENESIS","NSUN5P1"
"GOBP_RIBOSOME_BIOGENESIS","NSUN5P1"
"GOBP_RIBOSOME_BIOGENESIS","NSUN5P2"
"GOBP_RIBOSOME_BIOGENESIS","NUDT16"
"GOBP_RIBOSOME_BIOGENESIS","NUP88"
"GOBP_RIBOSOME_BIOGENESIS","NVL"
"GOBP_RIBOSOME_BIOGENESIS","PA2G4"
"GOBP_RIBOSOME_BIOGENESIS","PAK1IP1"
"GOBP_RIBOSOME_BIOGENESIS","PAK1IP1"
"GOBP_RIBOSOME_BIOGENESIS","PDCD11"
"GOBP_RIBOSOME_BIOGENESIS","PES1"
"GOBP_RIBOSOME_BIOGENESIS","PIH1D1"
"GOBP_RIBOSOME_BIOGENESIS","PIH1D2"
"GOBP_RIBOSOME_BIOGENESIS","PIN4"
"GOBP_RIBOSOME_BIOGENESIS","PINX1"
"GOBP_RIBOSOME_BIOGENESIS","PINX1"
"GOBP_RIBOSOME_BIOGENESIS","PINX1"
"GOBP_RIBOSOME_BIOGENESIS","POP4"
"GOBP_RIBOSOME_BIOGENESIS","POP5"
"GOBP_RIBOSOME_BIOGENESIS","POP7"
"GOBP_RIBOSOME_BIOGENESIS","PPAN"
"GOBP_RIBOSOME_BIOGENESIS","PRKDC"
"GOBP_RIBOSOME_BIOGENESIS","PTEN"
"GOBP_RIBOSOME_BIOGENESIS","PTEN"
"GOBP_RIBOSOME_BIOGENESIS","PWP1"
"GOBP_RIBOSOME_BIOGENESIS","PWP2"
"GOBP_RIBOSOME_BIOGENESIS","RAN"
"GOBP_RIBOSOME_BIOGENESIS","RBFA"
"GOBP_RIBOSOME_BIOGENESIS","RBIS"
"GOBP_RIBOSOME_BIOGENESIS","RCL1"
"GOBP_RIBOSOME_BIOGENESIS","REXO4"
"GOBP_RIBOSOME_BIOGENESIS","REXO4"
"GOBP_RIBOSOME_BIOGENESIS","RIOK1"
"GOBP_RIBOSOME_BIOGENESIS","RIOK2"
"GOBP_RIBOSOME_BIOGENESIS","RIOK3"
"GOBP_RIBOSOME_BIOGENESIS","RIOX2"
"GOBP_RIBOSOME_BIOGENESIS","RMRP"
"GOBP_RIBOSOME_BIOGENESIS","RMRP"
"GOBP_RIBOSOME_BIOGENESIS","RNASEL"
"GOBP_RIBOSOME_BIOGENESIS","RPF1"
"GOBP_RIBOSOME_BIOGENESIS","RPF2"
"GOBP_RIBOSOME_BIOGENESIS","RPL10"
"GOBP_RIBOSOME_BIOGENESIS","RPL10A"
"GOBP_RIBOSOME_BIOGENESIS","RPL10L"
"GOBP_RIBOSOME_BIOGENESIS","RPL11"
"GOBP_RIBOSOME_BIOGENESIS","RPL14"
"GOBP_RIBOSOME_BIOGENESIS","RPL23A"
"GOBP_RIBOSOME_BIOGENESIS","RPL24"
"GOBP_RIBOSOME_BIOGENESIS","RPL26"
"GOBP_RIBOSOME_BIOGENESIS","RPL26L1"
"GOBP_RIBOSOME_BIOGENESIS","RPL27"
"GOBP_RIBOSOME_BIOGENESIS","RPL3"
"GOBP_RIBOSOME_BIOGENESIS","RPL35"
"GOBP_RIBOSOME_BIOGENESIS","RPL35A"
"GOBP_RIBOSOME_BIOGENESIS","RPL38"
"GOBP_RIBOSOME_BIOGENESIS","RPL3L"
"GOBP_RIBOSOME_BIOGENESIS","RPL5"
"GOBP_RIBOSOME_BIOGENESIS","RPL6"
"GOBP_RIBOSOME_BIOGENESIS","RPL7"
"GOBP_RIBOSOME_BIOGENESIS","RPL7A"
"GOBP_RIBOSOME_BIOGENESIS","RPL7A"
"GOBP_RIBOSOME_BIOGENESIS","RPL7L1"
"GOBP_RIBOSOME_BIOGENESIS","RPLP0"
"GOBP_RIBOSOME_BIOGENESIS","RPLP0P6"
"GOBP_RIBOSOME_BIOGENESIS","RPP25"
"GOBP_RIBOSOME_BIOGENESIS","RPP30"
"GOBP_RIBOSOME_BIOGENESIS","RPP38"
"GOBP_RIBOSOME_BIOGENESIS","RPP40"
"GOBP_RIBOSOME_BIOGENESIS","RPS14"
"GOBP_RIBOSOME_BIOGENESIS","RPS15"
"GOBP_RIBOSOME_BIOGENESIS","RPS16"
"GOBP_RIBOSOME_BIOGENESIS","RPS17"
"GOBP_RIBOSOME_BIOGENESIS","RPS17"
"GOBP_RIBOSOME_BIOGENESIS","RPS19"
"GOBP_RIBOSOME_BIOGENESIS","RPS21"
"GOBP_RIBOSOME_BIOGENESIS","RPS24"
"GOBP_RIBOSOME_BIOGENESIS","RPS25"
"GOBP_RIBOSOME_BIOGENESIS","RPS25"
"GOBP_RIBOSOME_BIOGENESIS","RPS27"
"GOBP_RIBOSOME_BIOGENESIS","RPS27L"
"GOBP_RIBOSOME_BIOGENESIS","RPS28"
"GOBP_RIBOSOME_BIOGENESIS","RPS5"
"GOBP_RIBOSOME_BIOGENESIS","RPS6"
"GOBP_RIBOSOME_BIOGENESIS","RPS7"
"GOBP_RIBOSOME_BIOGENESIS","RPS8"
"GOBP_RIBOSOME_BIOGENESIS","RPSA"
"GOBP_RIBOSOME_BIOGENESIS","RPUSD1"
"GOBP_RIBOSOME_BIOGENESIS","RPUSD2"
"GOBP_RIBOSOME_BIOGENESIS","RPUSD3"
"GOBP_RIBOSOME_BIOGENESIS","RPUSD4"
"GOBP_RIBOSOME_BIOGENESIS","RRN3"
"GOBP_RIBOSOME_BIOGENESIS","RRN3"
"GOBP_RIBOSOME_BIOGENESIS","RRP1"
"GOBP_RIBOSOME_BIOGENESIS","RRP12"
"GOBP_RIBOSOME_BIOGENESIS","RRP15"
"GOBP_RIBOSOME_BIOGENESIS","RRP1B"
"GOBP_RIBOSOME_BIOGENESIS","RRP36"
"GOBP_RIBOSOME_BIOGENESIS","RRP7A"
"GOBP_RIBOSOME_BIOGENESIS","RRP7BP"
"GOBP_RIBOSOME_BIOGENESIS","RRP8"
"GOBP_RIBOSOME_BIOGENESIS","RRP9"
"GOBP_RIBOSOME_BIOGENESIS","RRS1"
"GOBP_RIBOSOME_BIOGENESIS","RSL1D1"
"GOBP_RIBOSOME_BIOGENESIS","RSL24D1"
"GOBP_RIBOSOME_BIOGENESIS","SART1"
"GOBP_RIBOSOME_BIOGENESIS","SBDS"
"GOBP_RIBOSOME_BIOGENESIS","SDAD1"
"GOBP_RIBOSOME_BIOGENESIS","SHQ1"
"GOBP_RIBOSOME_BIOGENESIS","SIRT7"
"GOBP_RIBOSOME_BIOGENESIS","SLX9"
"GOBP_RIBOSOME_BIOGENESIS","SNU13"
"GOBP_RIBOSOME_BIOGENESIS","SRFBP1"
"GOBP_RIBOSOME_BIOGENESIS","SURF6"
"GOBP_RIBOSOME_BIOGENESIS","SURF6"
"GOBP_RIBOSOME_BIOGENESIS","SUV39H1"
"GOBP_RIBOSOME_BIOGENESIS","TBL3"
"GOBP_RIBOSOME_BIOGENESIS","TENT4B"
"GOBP_RIBOSOME_BIOGENESIS","TFB1M"
"GOBP_RIBOSOME_BIOGENESIS","TFB2M"
"GOBP_RIBOSOME_BIOGENESIS","TRAF7"
"GOBP_RIBOSOME_BIOGENESIS","TRMT112"
"GOBP_RIBOSOME_BIOGENESIS","TRMT61B"
"GOBP_RIBOSOME_BIOGENESIS","TSC1"
"GOBP_RIBOSOME_BIOGENESIS","TSR1"
"GOBP_RIBOSOME_BIOGENESIS","TSR2"
"GOBP_RIBOSOME_BIOGENESIS","TSR3"
"GOBP_RIBOSOME_BIOGENESIS","URB1"
"GOBP_RIBOSOME_BIOGENESIS","URB2"
"GOBP_RIBOSOME_BIOGENESIS","USP36"
"GOBP_RIBOSOME_BIOGENESIS","UTP11"
"GOBP_RIBOSOME_BIOGENESIS","UTP14A"
"GOBP_RIBOSOME_BIOGENESIS","UTP14C"
"GOBP_RIBOSOME_BIOGENESIS","UTP15"
"GOBP_RIBOSOME_BIOGENESIS","UTP18"
"GOBP_RIBOSOME_BIOGENESIS","UTP20"
"GOBP_RIBOSOME_BIOGENESIS","UTP23"
"GOBP_RIBOSOME_BIOGENESIS","UTP25"
"GOBP_RIBOSOME_BIOGENESIS","UTP3"
"GOBP_RIBOSOME_BIOGENESIS","UTP4"
"GOBP_RIBOSOME_BIOGENESIS","UTP4"
"GOBP_RIBOSOME_BIOGENESIS","UTP6"
"GOBP_RIBOSOME_BIOGENESIS","VCX"
"GOBP_RIBOSOME_BIOGENESIS","WBP11"
"GOBP_RIBOSOME_BIOGENESIS","WDR12"
"GOBP_RIBOSOME_BIOGENESIS","WDR18"
"GOBP_RIBOSOME_BIOGENESIS","WDR3"
"GOBP_RIBOSOME_BIOGENESIS","WDR36"
"GOBP_RIBOSOME_BIOGENESIS","WDR43"
"GOBP_RIBOSOME_BIOGENESIS","WDR46"
"GOBP_RIBOSOME_BIOGENESIS","WDR46"
"GOBP_RIBOSOME_BIOGENESIS","WDR46"
"GOBP_RIBOSOME_BIOGENESIS","WDR46"
"GOBP_RIBOSOME_BIOGENESIS","WDR46"
"GOBP_RIBOSOME_BIOGENESIS","WDR55"
"GOBP_RIBOSOME_BIOGENESIS","WDR74"
"GOBP_RIBOSOME_BIOGENESIS","WDR75"
"GOBP_RIBOSOME_BIOGENESIS","XPO1"
"GOBP_RIBOSOME_BIOGENESIS","XRCC5"
"GOBP_RIBOSOME_BIOGENESIS","XRN2"
"GOBP_RIBOSOME_BIOGENESIS","YBEY"
"GOBP_RIBOSOME_BIOGENESIS","YTHDF2"
"GOBP_RIBOSOME_BIOGENESIS","ZCCHC4"
"GOBP_RIBOSOME_BIOGENESIS","ZNF622"
"GOBP_RIBOSOME_BIOGENESIS","ZNF658"
"GOBP_RIBOSOME_BIOGENESIS","ZNHIT3"
"GOBP_RIBOSOME_BIOGENESIS","ZNHIT3"
"GOBP_RIBOSOME_BIOGENESIS","ZNHIT6"
"GOCC_CYTOSOLIC_LARGE_RIBOSOMAL_SUBUNIT","FXR2"
"GOCC_CYTOSOLIC_LARGE_RIBOSOMAL_SUBUNIT","MRPL1"
"GOCC_CYTOSOLIC_LARGE_RIBOSOMAL_SUBUNIT","RPL10"
"GOCC_CYTOSOLIC_LARGE_RIBOSOMAL_SUBUNIT","RPL10A"
"GOCC_CYTOSOLIC_LARGE_RIBOSOMAL_SUBUNIT","RPL10L"
"GOCC_CYTOSOLIC_LARGE_RIBOSOMAL_SUBUNIT","RPL11"
"GOCC_CYTOSOLIC_LARGE_RIBOSOMAL_SUBUNIT","RPL12"
"GOCC_CYTOSOLIC_LARGE_RIBOSOMAL_SUBUNIT","RPL13"
"GOCC_CYTOSOLIC_LARGE_RIBOSOMAL_SUBUNIT","RPL13A"
"GOCC_CYTOSOLIC_LARGE_RIBOSOMAL_SUBUNIT","RPL14"
"GOCC_CYTOSOLIC_LARGE_RIBOSOMAL_SUBUNIT","RPL15"
"GOCC_CYTOSOLIC_LARGE_RIBOSOMAL_SUBUNIT","RPL17"
"GOCC_CYTOSOLIC_LARGE_RIBOSOMAL_SUBUNIT","RPL18"
"GOCC_CYTOSOLIC_LARGE_RIBOSOMAL_SUBUNIT","RPL18A"
"GOCC_CYTOSOLIC_LARGE_RIBOSOMAL_SUBUNIT","RPL19"
"GOCC_CYTOSOLIC_LARGE_RIBOSOMAL_SUBUNIT","RPL21"
"GOCC_CYTOSOLIC_LARGE_RIBOSOMAL_SUBUNIT","RPL22"
"GOCC_CYTOSOLIC_LARGE_RIBOSOMAL_SUBUNIT","RPL23"
"GOCC_CYTOSOLIC_LARGE_RIBOSOMAL_SUBUNIT","RPL23A"
"GOCC_CYTOSOLIC_LARGE_RIBOSOMAL_SUBUNIT","RPL24"
"GOCC_CYTOSOLIC_LARGE_RIBOSOMAL_SUBUNIT","RPL26"
"GOCC_CYTOSOLIC_LARGE_RIBOSOMAL_SUBUNIT","RPL26L1"
"GOCC_CYTOSOLIC_LARGE_RIBOSOMAL_SUBUNIT","RPL27"
"GOCC_CYTOSOLIC_LARGE_RIBOSOMAL_SUBUNIT","RPL27A"
"GOCC_CYTOSOLIC_LARGE_RIBOSOMAL_SUBUNIT","RPL28"
"GOCC_CYTOSOLIC_LARGE_RIBOSOMAL_SUBUNIT","RPL29"
"GOCC_CYTOSOLIC_LARGE_RIBOSOMAL_SUBUNIT","RPL3"
"GOCC_CYTOSOLIC_LARGE_RIBOSOMAL_SUBUNIT","RPL30"
"GOCC_CYTOSOLIC_LARGE_RIBOSOMAL_SUBUNIT","RPL31"
"GOCC_CYTOSOLIC_LARGE_RIBOSOMAL_SUBUNIT","RPL32"
"GOCC_CYTOSOLIC_LARGE_RIBOSOMAL_SUBUNIT","RPL34"
"GOCC_CYTOSOLIC_LARGE_RIBOSOMAL_SUBUNIT","RPL35"
"GOCC_CYTOSOLIC_LARGE_RIBOSOMAL_SUBUNIT","RPL35A"
"GOCC_CYTOSOLIC_LARGE_RIBOSOMAL_SUBUNIT","RPL36"
"GOCC_CYTOSOLIC_LARGE_RIBOSOMAL_SUBUNIT","RPL36A"
"GOCC_CYTOSOLIC_LARGE_RIBOSOMAL_SUBUNIT","RPL36AL"
"GOCC_CYTOSOLIC_LARGE_RIBOSOMAL_SUBUNIT","RPL37"
"GOCC_CYTOSOLIC_LARGE_RIBOSOMAL_SUBUNIT","RPL37A"
"GOCC_CYTOSOLIC_LARGE_RIBOSOMAL_SUBUNIT","RPL38"
"GOCC_CYTOSOLIC_LARGE_RIBOSOMAL_SUBUNIT","RPL39"
"GOCC_CYTOSOLIC_LARGE_RIBOSOMAL_SUBUNIT","RPL39L"
"GOCC_CYTOSOLIC_LARGE_RIBOSOMAL_SUBUNIT","RPL39P5"
"GOCC_CYTOSOLIC_LARGE_RIBOSOMAL_SUBUNIT","RPL3L"
"GOCC_CYTOSOLIC_LARGE_RIBOSOMAL_SUBUNIT","RPL4"
"GOCC_CYTOSOLIC_LARGE_RIBOSOMAL_SUBUNIT","RPL41"
"GOCC_CYTOSOLIC_LARGE_RIBOSOMAL_SUBUNIT","RPL5"
"GOCC_CYTOSOLIC_LARGE_RIBOSOMAL_SUBUNIT","RPL6"
"GOCC_CYTOSOLIC_LARGE_RIBOSOMAL_SUBUNIT","RPL7"
"GOCC_CYTOSOLIC_LARGE_RIBOSOMAL_SUBUNIT","RPL7A"
"GOCC_CYTOSOLIC_LARGE_RIBOSOMAL_SUBUNIT","RPL7A"
"GOCC_CYTOSOLIC_LARGE_RIBOSOMAL_SUBUNIT","RPL7L1"
"GOCC_CYTOSOLIC_LARGE_RIBOSOMAL_SUBUNIT","RPL8"
"GOCC_CYTOSOLIC_LARGE_RIBOSOMAL_SUBUNIT","RPL9"
"GOCC_CYTOSOLIC_LARGE_RIBOSOMAL_SUBUNIT","RPLP0"
"GOCC_CYTOSOLIC_LARGE_RIBOSOMAL_SUBUNIT","RPLP0P6"
"GOCC_CYTOSOLIC_LARGE_RIBOSOMAL_SUBUNIT","RPLP1"
"GOCC_CYTOSOLIC_LARGE_RIBOSOMAL_SUBUNIT","RPLP2"
"GOCC_CYTOSOLIC_LARGE_RIBOSOMAL_SUBUNIT","UBA52"
"GOCC_CYTOSOLIC_LARGE_RIBOSOMAL_SUBUNIT","ZCCHC17"
"GOCC_CYTOSOLIC_RIBOSOME","APOD"
"GOCC_CYTOSOLIC_RIBOSOME","B3GALT4"
"GOCC_CYTOSOLIC_RIBOSOME","B3GALT4"
"GOCC_CYTOSOLIC_RIBOSOME","B3GALT4"
"GOCC_CYTOSOLIC_RIBOSOME","B3GALT4"
"GOCC_CYTOSOLIC_RIBOSOME","B3GALT4"
"GOCC_CYTOSOLIC_RIBOSOME","DHX29"
"GOCC_CYTOSOLIC_RIBOSOME","EIF2A"
"GOCC_CYTOSOLIC_RIBOSOME","EIF2AK4"
"GOCC_CYTOSOLIC_RIBOSOME","FXR2"
"GOCC_CYTOSOLIC_RIBOSOME","HBA1"
"GOCC_CYTOSOLIC_RIBOSOME","HBA2"
"GOCC_CYTOSOLIC_RIBOSOME","ISG15"
"GOCC_CYTOSOLIC_RIBOSOME","MRPL1"
"GOCC_CYTOSOLIC_RIBOSOME","MRPS11"
"GOCC_CYTOSOLIC_RIBOSOME","RPL10"
"GOCC_CYTOSOLIC_RIBOSOME","RPL10A"
"GOCC_CYTOSOLIC_RIBOSOME","RPL10L"
"GOCC_CYTOSOLIC_RIBOSOME","RPL11"
"GOCC_CYTOSOLIC_RIBOSOME","RPL12"
"GOCC_CYTOSOLIC_RIBOSOME","RPL13"
"GOCC_CYTOSOLIC_RIBOSOME","RPL13A"
"GOCC_CYTOSOLIC_RIBOSOME","RPL14"
"GOCC_CYTOSOLIC_RIBOSOME","RPL15"
"GOCC_CYTOSOLIC_RIBOSOME","RPL17"
"GOCC_CYTOSOLIC_RIBOSOME","RPL18"
"GOCC_CYTOSOLIC_RIBOSOME","RPL18A"
"GOCC_CYTOSOLIC_RIBOSOME","RPL19"
"GOCC_CYTOSOLIC_RIBOSOME","RPL21"
"GOCC_CYTOSOLIC_RIBOSOME","RPL22"
"GOCC_CYTOSOLIC_RIBOSOME","RPL23"
"GOCC_CYTOSOLIC_RIBOSOME","RPL23A"
"GOCC_CYTOSOLIC_RIBOSOME","RPL24"
"GOCC_CYTOSOLIC_RIBOSOME","RPL26"
"GOCC_CYTOSOLIC_RIBOSOME","RPL26L1"
"GOCC_CYTOSOLIC_RIBOSOME","RPL27"
"GOCC_CYTOSOLIC_RIBOSOME","RPL27A"
"GOCC_CYTOSOLIC_RIBOSOME","RPL28"
"GOCC_CYTOSOLIC_RIBOSOME","RPL29"
"GOCC_CYTOSOLIC_RIBOSOME","RPL3"
"GOCC_CYTOSOLIC_RIBOSOME","RPL30"
"GOCC_CYTOSOLIC_RIBOSOME","RPL31"
"GOCC_CYTOSOLIC_RIBOSOME","RPL32"
"GOCC_CYTOSOLIC_RIBOSOME","RPL34"
"GOCC_CYTOSOLIC_RIBOSOME","RPL35"
"GOCC_CYTOSOLIC_RIBOSOME","RPL35A"
"GOCC_CYTOSOLIC_RIBOSOME","RPL36"
"GOCC_CYTOSOLIC_RIBOSOME","RPL36A"
"GOCC_CYTOSOLIC_RIBOSOME","RPL36AL"
"GOCC_CYTOSOLIC_RIBOSOME","RPL37"
"GOCC_CYTOSOLIC_RIBOSOME","RPL37A"
"GOCC_CYTOSOLIC_RIBOSOME","RPL38"
"GOCC_CYTOSOLIC_RIBOSOME","RPL39"
"GOCC_CYTOSOLIC_RIBOSOME","RPL39L"
"GOCC_CYTOSOLIC_RIBOSOME","RPL39P5"
"GOCC_CYTOSOLIC_RIBOSOME","RPL3L"
"GOCC_CYTOSOLIC_RIBOSOME","RPL4"
"GOCC_CYTOSOLIC_RIBOSOME","RPL41"
"GOCC_CYTOSOLIC_RIBOSOME","RPL5"
"GOCC_CYTOSOLIC_RIBOSOME","RPL6"
"GOCC_CYTOSOLIC_RIBOSOME","RPL7"
"GOCC_CYTOSOLIC_RIBOSOME","RPL7A"
"GOCC_CYTOSOLIC_RIBOSOME","RPL7A"
"GOCC_CYTOSOLIC_RIBOSOME","RPL7L1"
"GOCC_CYTOSOLIC_RIBOSOME","RPL8"
"GOCC_CYTOSOLIC_RIBOSOME","RPL9"
"GOCC_CYTOSOLIC_RIBOSOME","RPLP0"
"GOCC_CYTOSOLIC_RIBOSOME","RPLP0P6"
"GOCC_CYTOSOLIC_RIBOSOME","RPLP1"
"GOCC_CYTOSOLIC_RIBOSOME","RPLP2"
"GOCC_CYTOSOLIC_RIBOSOME","RPS10"
"GOCC_CYTOSOLIC_RIBOSOME","RPS10P5"
"GOCC_CYTOSOLIC_RIBOSOME","RPS11"
"GOCC_CYTOSOLIC_RIBOSOME","RPS12"
"GOCC_CYTOSOLIC_RIBOSOME","RPS13"
"GOCC_CYTOSOLIC_RIBOSOME","RPS14"
"GOCC_CYTOSOLIC_RIBOSOME","RPS15"
"GOCC_CYTOSOLIC_RIBOSOME","RPS15A"
"GOCC_CYTOSOLIC_RIBOSOME","RPS16"
"GOCC_CYTOSOLIC_RIBOSOME","RPS17"
"GOCC_CYTOSOLIC_RIBOSOME","RPS17"
"GOCC_CYTOSOLIC_RIBOSOME","RPS18"
"GOCC_CYTOSOLIC_RIBOSOME","RPS18"
"GOCC_CYTOSOLIC_RIBOSOME","RPS18"
"GOCC_CYTOSOLIC_RIBOSOME","RPS18"
"GOCC_CYTOSOLIC_RIBOSOME","RPS18"
"GOCC_CYTOSOLIC_RIBOSOME","RPS18"
"GOCC_CYTOSOLIC_RIBOSOME","RPS18"
"GOCC_CYTOSOLIC_RIBOSOME","RPS19"
"GOCC_CYTOSOLIC_RIBOSOME","RPS2"
"GOCC_CYTOSOLIC_RIBOSOME","RPS20"
"GOCC_CYTOSOLIC_RIBOSOME","RPS21"
"GOCC_CYTOSOLIC_RIBOSOME","RPS23"
"GOCC_CYTOSOLIC_RIBOSOME","RPS24"
"GOCC_CYTOSOLIC_RIBOSOME","RPS25"
"GOCC_CYTOSOLIC_RIBOSOME","RPS25"
"GOCC_CYTOSOLIC_RIBOSOME","RPS26"
"GOCC_CYTOSOLIC_RIBOSOME","RPS27"
"GOCC_CYTOSOLIC_RIBOSOME","RPS27A"
"GOCC_CYTOSOLIC_RIBOSOME","RPS27L"
"GOCC_CYTOSOLIC_RIBOSOME","RPS28"
"GOCC_CYTOSOLIC_RIBOSOME","RPS29"
"GOCC_CYTOSOLIC_RIBOSOME","RPS3"
"GOCC_CYTOSOLIC_RIBOSOME","RPS3A"
"GOCC_CYTOSOLIC_RIBOSOME","RPS4X"
"GOCC_CYTOSOLIC_RIBOSOME","RPS4Y1"
"GOCC_CYTOSOLIC_RIBOSOME","RPS4Y2"
"GOCC_CYTOSOLIC_RIBOSOME","RPS5"
"GOCC_CYTOSOLIC_RIBOSOME","RPS6"
"GOCC_CYTOSOLIC_RIBOSOME","RPS7"
"GOCC_CYTOSOLIC_RIBOSOME","RPS8"
"GOCC_CYTOSOLIC_RIBOSOME","RPS9"
"GOCC_CYTOSOLIC_RIBOSOME","RPS9"
"GOCC_CYTOSOLIC_RIBOSOME","RPS9"
"GOCC_CYTOSOLIC_RIBOSOME","RPS9"
"GOCC_CYTOSOLIC_RIBOSOME","RPS9"
"GOCC_CYTOSOLIC_RIBOSOME","RPS9"
"GOCC_CYTOSOLIC_RIBOSOME","RPS9"
"GOCC_CYTOSOLIC_RIBOSOME","RPS9"
"GOCC_CYTOSOLIC_RIBOSOME","RPS9"
"GOCC_CYTOSOLIC_RIBOSOME","RPS9"
"GOCC_CYTOSOLIC_RIBOSOME","RPSA"
"GOCC_CYTOSOLIC_RIBOSOME","UBA52"
"GOCC_CYTOSOLIC_RIBOSOME","ZCCHC17"
"GOCC_CYTOSOLIC_SMALL_RIBOSOMAL_SUBUNIT","B3GALT4"
"GOCC_CYTOSOLIC_SMALL_RIBOSOMAL_SUBUNIT","B3GALT4"
"GOCC_CYTOSOLIC_SMALL_RIBOSOMAL_SUBUNIT","B3GALT4"
"GOCC_CYTOSOLIC_SMALL_RIBOSOMAL_SUBUNIT","B3GALT4"
"GOCC_CYTOSOLIC_SMALL_RIBOSOMAL_SUBUNIT","B3GALT4"
"GOCC_CYTOSOLIC_SMALL_RIBOSOMAL_SUBUNIT","DHX29"
"GOCC_CYTOSOLIC_SMALL_RIBOSOMAL_SUBUNIT","EIF2A"
"GOCC_CYTOSOLIC_SMALL_RIBOSOMAL_SUBUNIT","HBA1"
"GOCC_CYTOSOLIC_SMALL_RIBOSOMAL_SUBUNIT","HBA2"
"GOCC_CYTOSOLIC_SMALL_RIBOSOMAL_SUBUNIT","ISG15"
"GOCC_CYTOSOLIC_SMALL_RIBOSOMAL_SUBUNIT","MRPS11"
"GOCC_CYTOSOLIC_SMALL_RIBOSOMAL_SUBUNIT","RPS10"
"GOCC_CYTOSOLIC_SMALL_RIBOSOMAL_SUBUNIT","RPS10P5"
"GOCC_CYTOSOLIC_SMALL_RIBOSOMAL_SUBUNIT","RPS11"
"GOCC_CYTOSOLIC_SMALL_RIBOSOMAL_SUBUNIT","RPS12"
"GOCC_CYTOSOLIC_SMALL_RIBOSOMAL_SUBUNIT","RPS13"
"GOCC_CYTOSOLIC_SMALL_RIBOSOMAL_SUBUNIT","RPS14"
"GOCC_CYTOSOLIC_SMALL_RIBOSOMAL_SUBUNIT","RPS15"
"GOCC_CYTOSOLIC_SMALL_RIBOSOMAL_SUBUNIT","RPS15A"
"GOCC_CYTOSOLIC_SMALL_RIBOSOMAL_SUBUNIT","RPS16"
"GOCC_CYTOSOLIC_SMALL_RIBOSOMAL_SUBUNIT","RPS17"
"GOCC_CYTOSOLIC_SMALL_RIBOSOMAL_SUBUNIT","RPS17"
"GOCC_CYTOSOLIC_SMALL_RIBOSOMAL_SUBUNIT","RPS18"
"GOCC_CYTOSOLIC_SMALL_RIBOSOMAL_SUBUNIT","RPS18"
"GOCC_CYTOSOLIC_SMALL_RIBOSOMAL_SUBUNIT","RPS18"
"GOCC_CYTOSOLIC_SMALL_RIBOSOMAL_SUBUNIT","RPS18"
"GOCC_CYTOSOLIC_SMALL_RIBOSOMAL_SUBUNIT","RPS18"
"GOCC_CYTOSOLIC_SMALL_RIBOSOMAL_SUBUNIT","RPS18"
"GOCC_CYTOSOLIC_SMALL_RIBOSOMAL_SUBUNIT","RPS18"
"GOCC_CYTOSOLIC_SMALL_RIBOSOMAL_SUBUNIT","RPS19"
"GOCC_CYTOSOLIC_SMALL_RIBOSOMAL_SUBUNIT","RPS2"
"GOCC_CYTOSOLIC_SMALL_RIBOSOMAL_SUBUNIT","RPS20"
"GOCC_CYTOSOLIC_SMALL_RIBOSOMAL_SUBUNIT","RPS21"
"GOCC_CYTOSOLIC_SMALL_RIBOSOMAL_SUBUNIT","RPS23"
"GOCC_CYTOSOLIC_SMALL_RIBOSOMAL_SUBUNIT","RPS24"
"GOCC_CYTOSOLIC_SMALL_RIBOSOMAL_SUBUNIT","RPS25"
"GOCC_CYTOSOLIC_SMALL_RIBOSOMAL_SUBUNIT","RPS25"
"GOCC_CYTOSOLIC_SMALL_RIBOSOMAL_SUBUNIT","RPS26"
"GOCC_CYTOSOLIC_SMALL_RIBOSOMAL_SUBUNIT","RPS27"
"GOCC_CYTOSOLIC_SMALL_RIBOSOMAL_SUBUNIT","RPS27A"
"GOCC_CYTOSOLIC_SMALL_RIBOSOMAL_SUBUNIT","RPS27L"
"GOCC_CYTOSOLIC_SMALL_RIBOSOMAL_SUBUNIT","RPS28"
"GOCC_CYTOSOLIC_SMALL_RIBOSOMAL_SUBUNIT","RPS29"
"GOCC_CYTOSOLIC_SMALL_RIBOSOMAL_SUBUNIT","RPS3"
"GOCC_CYTOSOLIC_SMALL_RIBOSOMAL_SUBUNIT","RPS3A"
"GOCC_CYTOSOLIC_SMALL_RIBOSOMAL_SUBUNIT","RPS4X"
"GOCC_CYTOSOLIC_SMALL_RIBOSOMAL_SUBUNIT","RPS4Y1"
"GOCC_CYTOSOLIC_SMALL_RIBOSOMAL_SUBUNIT","RPS4Y2"
"GOCC_CYTOSOLIC_SMALL_RIBOSOMAL_SUBUNIT","RPS5"
"GOCC_CYTOSOLIC_SMALL_RIBOSOMAL_SUBUNIT","RPS6"
"GOCC_CYTOSOLIC_SMALL_RIBOSOMAL_SUBUNIT","RPS7"
"GOCC_CYTOSOLIC_SMALL_RIBOSOMAL_SUBUNIT","RPS8"
"GOCC_CYTOSOLIC_SMALL_RIBOSOMAL_SUBUNIT","RPS9"
"GOCC_CYTOSOLIC_SMALL_RIBOSOMAL_SUBUNIT","RPS9"
"GOCC_CYTOSOLIC_SMALL_RIBOSOMAL_SUBUNIT","RPS9"
"GOCC_CYTOSOLIC_SMALL_RIBOSOMAL_SUBUNIT","RPS9"
"GOCC_CYTOSOLIC_SMALL_RIBOSOMAL_SUBUNIT","RPS9"
"GOCC_CYTOSOLIC_SMALL_RIBOSOMAL_SUBUNIT","RPS9"
"GOCC_CYTOSOLIC_SMALL_RIBOSOMAL_SUBUNIT","RPS9"
"GOCC_CYTOSOLIC_SMALL_RIBOSOMAL_SUBUNIT","RPS9"
"GOCC_CYTOSOLIC_SMALL_RIBOSOMAL_SUBUNIT","RPS9"
"GOCC_CYTOSOLIC_SMALL_RIBOSOMAL_SUBUNIT","RPS9"
"GOCC_CYTOSOLIC_SMALL_RIBOSOMAL_SUBUNIT","RPSA"
"GOCC_CYTOSOLIC_SMALL_RIBOSOMAL_SUBUNIT","UBA52"
"REACTOME_EUKARYOTIC_TRANSLATION_ELONGATION","EEF1A1"
"REACTOME_EUKARYOTIC_TRANSLATION_ELONGATION","EEF1A2"
"REACTOME_EUKARYOTIC_TRANSLATION_ELONGATION","EEF1B2"
"REACTOME_EUKARYOTIC_TRANSLATION_ELONGATION","EEF1B2"
"REACTOME_EUKARYOTIC_TRANSLATION_ELONGATION","EEF1D"
"REACTOME_EUKARYOTIC_TRANSLATION_ELONGATION","EEF1D"
"REACTOME_EUKARYOTIC_TRANSLATION_ELONGATION","EEF1G"
"REACTOME_EUKARYOTIC_TRANSLATION_ELONGATION","EEF2"
"REACTOME_EUKARYOTIC_TRANSLATION_ELONGATION","FAU"
"REACTOME_EUKARYOTIC_TRANSLATION_ELONGATION","RPL10"
"REACTOME_EUKARYOTIC_TRANSLATION_ELONGATION","RPL10A"
"REACTOME_EUKARYOTIC_TRANSLATION_ELONGATION","RPL10L"
"REACTOME_EUKARYOTIC_TRANSLATION_ELONGATION","RPL11"
"REACTOME_EUKARYOTIC_TRANSLATION_ELONGATION","RPL12"
"REACTOME_EUKARYOTIC_TRANSLATION_ELONGATION","RPL13"
"REACTOME_EUKARYOTIC_TRANSLATION_ELONGATION","RPL13A"
"REACTOME_EUKARYOTIC_TRANSLATION_ELONGATION","RPL14"
"REACTOME_EUKARYOTIC_TRANSLATION_ELONGATION","RPL15"
"REACTOME_EUKARYOTIC_TRANSLATION_ELONGATION","RPL17"
"REACTOME_EUKARYOTIC_TRANSLATION_ELONGATION","RPL18"
"REACTOME_EUKARYOTIC_TRANSLATION_ELONGATION","RPL18A"
"REACTOME_EUKARYOTIC_TRANSLATION_ELONGATION","RPL19"
"REACTOME_EUKARYOTIC_TRANSLATION_ELONGATION","RPL21"
"REACTOME_EUKARYOTIC_TRANSLATION_ELONGATION","RPL22"
"REACTOME_EUKARYOTIC_TRANSLATION_ELONGATION","RPL22L1"
"REACTOME_EUKARYOTIC_TRANSLATION_ELONGATION","RPL23"
"REACTOME_EUKARYOTIC_TRANSLATION_ELONGATION","RPL23A"
"REACTOME_EUKARYOTIC_TRANSLATION_ELONGATION","RPL24"
"REACTOME_EUKARYOTIC_TRANSLATION_ELONGATION","RPL26"
"REACTOME_EUKARYOTIC_TRANSLATION_ELONGATION","RPL26L1"
"REACTOME_EUKARYOTIC_TRANSLATION_ELONGATION","RPL27"
"REACTOME_EUKARYOTIC_TRANSLATION_ELONGATION","RPL27A"
"REACTOME_EUKARYOTIC_TRANSLATION_ELONGATION","RPL28"
"REACTOME_EUKARYOTIC_TRANSLATION_ELONGATION","RPL29"
"REACTOME_EUKARYOTIC_TRANSLATION_ELONGATION","RPL3"
"REACTOME_EUKARYOTIC_TRANSLATION_ELONGATION","RPL30"
"REACTOME_EUKARYOTIC_TRANSLATION_ELONGATION","RPL31"
"REACTOME_EUKARYOTIC_TRANSLATION_ELONGATION","RPL32"
"REACTOME_EUKARYOTIC_TRANSLATION_ELONGATION","RPL34"
"REACTOME_EUKARYOTIC_TRANSLATION_ELONGATION","RPL35"
"REACTOME_EUKARYOTIC_TRANSLATION_ELONGATION","RPL35A"
"REACTOME_EUKARYOTIC_TRANSLATION_ELONGATION","RPL36"
"REACTOME_EUKARYOTIC_TRANSLATION_ELONGATION","RPL36A"
"REACTOME_EUKARYOTIC_TRANSLATION_ELONGATION","RPL36AL"
"REACTOME_EUKARYOTIC_TRANSLATION_ELONGATION","RPL37"
"REACTOME_EUKARYOTIC_TRANSLATION_ELONGATION","RPL37A"
"REACTOME_EUKARYOTIC_TRANSLATION_ELONGATION","RPL38"
"REACTOME_EUKARYOTIC_TRANSLATION_ELONGATION","RPL39"
"REACTOME_EUKARYOTIC_TRANSLATION_ELONGATION","RPL39L"
"REACTOME_EUKARYOTIC_TRANSLATION_ELONGATION","RPL3L"
"REACTOME_EUKARYOTIC_TRANSLATION_ELONGATION","RPL4"
"REACTOME_EUKARYOTIC_TRANSLATION_ELONGATION","RPL41"
"REACTOME_EUKARYOTIC_TRANSLATION_ELONGATION","RPL5"
"REACTOME_EUKARYOTIC_TRANSLATION_ELONGATION","RPL6"
"REACTOME_EUKARYOTIC_TRANSLATION_ELONGATION","RPL7"
"REACTOME_EUKARYOTIC_TRANSLATION_ELONGATION","RPL7A"
"REACTOME_EUKARYOTIC_TRANSLATION_ELONGATION","RPL7A"
"REACTOME_EUKARYOTIC_TRANSLATION_ELONGATION","RPL8"
"REACTOME_EUKARYOTIC_TRANSLATION_ELONGATION","RPL9"
"REACTOME_EUKARYOTIC_TRANSLATION_ELONGATION","RPLP0"
"REACTOME_EUKARYOTIC_TRANSLATION_ELONGATION","RPLP1"
"REACTOME_EUKARYOTIC_TRANSLATION_ELONGATION","RPLP2"
"REACTOME_EUKARYOTIC_TRANSLATION_ELONGATION","RPS10"
"REACTOME_EUKARYOTIC_TRANSLATION_ELONGATION","RPS11"
"REACTOME_EUKARYOTIC_TRANSLATION_ELONGATION","RPS12"
"REACTOME_EUKARYOTIC_TRANSLATION_ELONGATION","RPS13"
"REACTOME_EUKARYOTIC_TRANSLATION_ELONGATION","RPS14"
"REACTOME_EUKARYOTIC_TRANSLATION_ELONGATION","RPS15"
"REACTOME_EUKARYOTIC_TRANSLATION_ELONGATION","RPS15A"
"REACTOME_EUKARYOTIC_TRANSLATION_ELONGATION","RPS16"
"REACTOME_EUKARYOTIC_TRANSLATION_ELONGATION","RPS17"
"REACTOME_EUKARYOTIC_TRANSLATION_ELONGATION","RPS17"
"REACTOME_EUKARYOTIC_TRANSLATION_ELONGATION","RPS18"
"REACTOME_EUKARYOTIC_TRANSLATION_ELONGATION","RPS18"
"REACTOME_EUKARYOTIC_TRANSLATION_ELONGATION","RPS18"
"REACTOME_EUKARYOTIC_TRANSLATION_ELONGATION","RPS18"
"REACTOME_EUKARYOTIC_TRANSLATION_ELONGATION","RPS18"
"REACTOME_EUKARYOTIC_TRANSLATION_ELONGATION","RPS19"
"REACTOME_EUKARYOTIC_TRANSLATION_ELONGATION","RPS2"
"REACTOME_EUKARYOTIC_TRANSLATION_ELONGATION","RPS20"
"REACTOME_EUKARYOTIC_TRANSLATION_ELONGATION","RPS21"
"REACTOME_EUKARYOTIC_TRANSLATION_ELONGATION","RPS23"
"REACTOME_EUKARYOTIC_TRANSLATION_ELONGATION","RPS24"
"REACTOME_EUKARYOTIC_TRANSLATION_ELONGATION","RPS25"
"REACTOME_EUKARYOTIC_TRANSLATION_ELONGATION","RPS25"
"REACTOME_EUKARYOTIC_TRANSLATION_ELONGATION","RPS26"
"REACTOME_EUKARYOTIC_TRANSLATION_ELONGATION","RPS27"
"REACTOME_EUKARYOTIC_TRANSLATION_ELONGATION","RPS27A"
"REACTOME_EUKARYOTIC_TRANSLATION_ELONGATION","RPS27L"
"REACTOME_EUKARYOTIC_TRANSLATION_ELONGATION","RPS28"
"REACTOME_EUKARYOTIC_TRANSLATION_ELONGATION","RPS29"
"REACTOME_EUKARYOTIC_TRANSLATION_ELONGATION","RPS3"
"REACTOME_EUKARYOTIC_TRANSLATION_ELONGATION","RPS3A"
"REACTOME_EUKARYOTIC_TRANSLATION_ELONGATION","RPS4X"
"REACTOME_EUKARYOTIC_TRANSLATION_ELONGATION","RPS4Y1"
"REACTOME_EUKARYOTIC_TRANSLATION_ELONGATION","RPS4Y2"
"REACTOME_EUKARYOTIC_TRANSLATION_ELONGATION","RPS5"
"REACTOME_EUKARYOTIC_TRANSLATION_ELONGATION","RPS6"
"REACTOME_EUKARYOTIC_TRANSLATION_ELONGATION","RPS7"
"REACTOME_EUKARYOTIC_TRANSLATION_ELONGATION","RPS8"
"REACTOME_EUKARYOTIC_TRANSLATION_ELONGATION","RPS9"
"REACTOME_EUKARYOTIC_TRANSLATION_ELONGATION","RPS9"
"REACTOME_EUKARYOTIC_TRANSLATION_ELONGATION","RPS9"
"REACTOME_EUKARYOTIC_TRANSLATION_ELONGATION","RPS9"
"REACTOME_EUKARYOTIC_TRANSLATION_ELONGATION","RPS9"
"REACTOME_EUKARYOTIC_TRANSLATION_ELONGATION","RPS9"
"REACTOME_EUKARYOTIC_TRANSLATION_ELONGATION","RPS9"
"REACTOME_EUKARYOTIC_TRANSLATION_ELONGATION","RPS9"
"REACTOME_EUKARYOTIC_TRANSLATION_ELONGATION","RPS9"
"REACTOME_EUKARYOTIC_TRANSLATION_ELONGATION","RPS9"
"REACTOME_EUKARYOTIC_TRANSLATION_ELONGATION","RPSA"
"REACTOME_EUKARYOTIC_TRANSLATION_ELONGATION","UBA52"
"REACTOME_EUKARYOTIC_TRANSLATION_INITIATION","EIF1AX"
"REACTOME_EUKARYOTIC_TRANSLATION_INITIATION","EIF2B1"
"REACTOME_EUKARYOTIC_TRANSLATION_INITIATION","EIF2B2"
"REACTOME_EUKARYOTIC_TRANSLATION_INITIATION","EIF2B3"
"REACTOME_EUKARYOTIC_TRANSLATION_INITIATION","EIF2B4"
"REACTOME_EUKARYOTIC_TRANSLATION_INITIATION","EIF2B5"
"REACTOME_EUKARYOTIC_TRANSLATION_INITIATION","EIF2S1"
"REACTOME_EUKARYOTIC_TRANSLATION_INITIATION","EIF2S2"
"REACTOME_EUKARYOTIC_TRANSLATION_INITIATION","EIF2S3"
"REACTOME_EUKARYOTIC_TRANSLATION_INITIATION","EIF3A"
"REACTOME_EUKARYOTIC_TRANSLATION_INITIATION","EIF3B"
"REACTOME_EUKARYOTIC_TRANSLATION_INITIATION","EIF3C"
"REACTOME_EUKARYOTIC_TRANSLATION_INITIATION","EIF3D"
"REACTOME_EUKARYOTIC_TRANSLATION_INITIATION","EIF3E"
"REACTOME_EUKARYOTIC_TRANSLATION_INITIATION","EIF3F"
"REACTOME_EUKARYOTIC_TRANSLATION_INITIATION","EIF3G"
"REACTOME_EUKARYOTIC_TRANSLATION_INITIATION","EIF3H"
"REACTOME_EUKARYOTIC_TRANSLATION_INITIATION","EIF3I"
"REACTOME_EUKARYOTIC_TRANSLATION_INITIATION","EIF3J"
"REACTOME_EUKARYOTIC_TRANSLATION_INITIATION","EIF3K"
"REACTOME_EUKARYOTIC_TRANSLATION_INITIATION","EIF3K"
"REACTOME_EUKARYOTIC_TRANSLATION_INITIATION","EIF3L"
"REACTOME_EUKARYOTIC_TRANSLATION_INITIATION","EIF3M"
"REACTOME_EUKARYOTIC_TRANSLATION_INITIATION","EIF4A1"
"REACTOME_EUKARYOTIC_TRANSLATION_INITIATION","EIF4A2"
"REACTOME_EUKARYOTIC_TRANSLATION_INITIATION","EIF4B"
"REACTOME_EUKARYOTIC_TRANSLATION_INITIATION","EIF4E"
"REACTOME_EUKARYOTIC_TRANSLATION_INITIATION","EIF4EBP1"
"REACTOME_EUKARYOTIC_TRANSLATION_INITIATION","EIF4G1"
"REACTOME_EUKARYOTIC_TRANSLATION_INITIATION","EIF4H"
"REACTOME_EUKARYOTIC_TRANSLATION_INITIATION","EIF5"
"REACTOME_EUKARYOTIC_TRANSLATION_INITIATION","EIF5B"
"REACTOME_EUKARYOTIC_TRANSLATION_INITIATION","FAU"
"REACTOME_EUKARYOTIC_TRANSLATION_INITIATION","PABPC1"
"REACTOME_EUKARYOTIC_TRANSLATION_INITIATION","RPL10"
"REACTOME_EUKARYOTIC_TRANSLATION_INITIATION","RPL10A"
"REACTOME_EUKARYOTIC_TRANSLATION_INITIATION","RPL10L"
"REACTOME_EUKARYOTIC_TRANSLATION_INITIATION","RPL11"
"REACTOME_EUKARYOTIC_TRANSLATION_INITIATION","RPL12"
"REACTOME_EUKARYOTIC_TRANSLATION_INITIATION","RPL13"
"REACTOME_EUKARYOTIC_TRANSLATION_INITIATION","RPL13A"
"REACTOME_EUKARYOTIC_TRANSLATION_INITIATION","RPL14"
"REACTOME_EUKARYOTIC_TRANSLATION_INITIATION","RPL15"
"REACTOME_EUKARYOTIC_TRANSLATION_INITIATION","RPL17"
"REACTOME_EUKARYOTIC_TRANSLATION_INITIATION","RPL18"
"REACTOME_EUKARYOTIC_TRANSLATION_INITIATION","RPL18A"
"REACTOME_EUKARYOTIC_TRANSLATION_INITIATION","RPL19"
"REACTOME_EUKARYOTIC_TRANSLATION_INITIATION","RPL21"
"REACTOME_EUKARYOTIC_TRANSLATION_INITIATION","RPL22"
"REACTOME_EUKARYOTIC_TRANSLATION_INITIATION","RPL22L1"
"REACTOME_EUKARYOTIC_TRANSLATION_INITIATION","RPL23"
"REACTOME_EUKARYOTIC_TRANSLATION_INITIATION","RPL23A"
"REACTOME_EUKARYOTIC_TRANSLATION_INITIATION","RPL24"
"REACTOME_EUKARYOTIC_TRANSLATION_INITIATION","RPL26"
"REACTOME_EUKARYOTIC_TRANSLATION_INITIATION","RPL26L1"
"REACTOME_EUKARYOTIC_TRANSLATION_INITIATION","RPL27"
"REACTOME_EUKARYOTIC_TRANSLATION_INITIATION","RPL27A"
"REACTOME_EUKARYOTIC_TRANSLATION_INITIATION","RPL28"
"REACTOME_EUKARYOTIC_TRANSLATION_INITIATION","RPL29"
"REACTOME_EUKARYOTIC_TRANSLATION_INITIATION","RPL3"
"REACTOME_EUKARYOTIC_TRANSLATION_INITIATION","RPL30"
"REACTOME_EUKARYOTIC_TRANSLATION_INITIATION","RPL31"
"REACTOME_EUKARYOTIC_TRANSLATION_INITIATION","RPL32"
"REACTOME_EUKARYOTIC_TRANSLATION_INITIATION","RPL34"
"REACTOME_EUKARYOTIC_TRANSLATION_INITIATION","RPL35"
"REACTOME_EUKARYOTIC_TRANSLATION_INITIATION","RPL35A"
"REACTOME_EUKARYOTIC_TRANSLATION_INITIATION","RPL36"
"REACTOME_EUKARYOTIC_TRANSLATION_INITIATION","RPL36A"
"REACTOME_EUKARYOTIC_TRANSLATION_INITIATION","RPL36AL"
"REACTOME_EUKARYOTIC_TRANSLATION_INITIATION","RPL37"
"REACTOME_EUKARYOTIC_TRANSLATION_INITIATION","RPL37A"
"REACTOME_EUKARYOTIC_TRANSLATION_INITIATION","RPL38"
"REACTOME_EUKARYOTIC_TRANSLATION_INITIATION","RPL39"
"REACTOME_EUKARYOTIC_TRANSLATION_INITIATION","RPL39L"
"REACTOME_EUKARYOTIC_TRANSLATION_INITIATION","RPL3L"
"REACTOME_EUKARYOTIC_TRANSLATION_INITIATION","RPL4"
"REACTOME_EUKARYOTIC_TRANSLATION_INITIATION","RPL41"
"REACTOME_EUKARYOTIC_TRANSLATION_INITIATION","RPL5"
"REACTOME_EUKARYOTIC_TRANSLATION_INITIATION","RPL6"
"REACTOME_EUKARYOTIC_TRANSLATION_INITIATION","RPL7"
"REACTOME_EUKARYOTIC_TRANSLATION_INITIATION","RPL7A"
"REACTOME_EUKARYOTIC_TRANSLATION_INITIATION","RPL7A"
"REACTOME_EUKARYOTIC_TRANSLATION_INITIATION","RPL8"
"REACTOME_EUKARYOTIC_TRANSLATION_INITIATION","RPL9"
"REACTOME_EUKARYOTIC_TRANSLATION_INITIATION","RPLP0"
"REACTOME_EUKARYOTIC_TRANSLATION_INITIATION","RPLP1"
"REACTOME_EUKARYOTIC_TRANSLATION_INITIATION","RPLP2"
"REACTOME_EUKARYOTIC_TRANSLATION_INITIATION","RPS10"
"REACTOME_EUKARYOTIC_TRANSLATION_INITIATION","RPS11"
"REACTOME_EUKARYOTIC_TRANSLATION_INITIATION","RPS12"
"REACTOME_EUKARYOTIC_TRANSLATION_INITIATION","RPS13"
"REACTOME_EUKARYOTIC_TRANSLATION_INITIATION","RPS14"
"REACTOME_EUKARYOTIC_TRANSLATION_INITIATION","RPS15"
"REACTOME_EUKARYOTIC_TRANSLATION_INITIATION","RPS15A"
"REACTOME_EUKARYOTIC_TRANSLATION_INITIATION","RPS16"
"REACTOME_EUKARYOTIC_TRANSLATION_INITIATION","RPS17"
"REACTOME_EUKARYOTIC_TRANSLATION_INITIATION","RPS17"
"REACTOME_EUKARYOTIC_TRANSLATION_INITIATION","RPS18"
"REACTOME_EUKARYOTIC_TRANSLATION_INITIATION","RPS18"
"REACTOME_EUKARYOTIC_TRANSLATION_INITIATION","RPS18"
"REACTOME_EUKARYOTIC_TRANSLATION_INITIATION","RPS18"
"REACTOME_EUKARYOTIC_TRANSLATION_INITIATION","RPS18"
"REACTOME_EUKARYOTIC_TRANSLATION_INITIATION","RPS19"
"REACTOME_EUKARYOTIC_TRANSLATION_INITIATION","RPS2"
"REACTOME_EUKARYOTIC_TRANSLATION_INITIATION","RPS20"
"REACTOME_EUKARYOTIC_TRANSLATION_INITIATION","RPS21"
"REACTOME_EUKARYOTIC_TRANSLATION_INITIATION","RPS23"
"REACTOME_EUKARYOTIC_TRANSLATION_INITIATION","RPS24"
"REACTOME_EUKARYOTIC_TRANSLATION_INITIATION","RPS25"
"REACTOME_EUKARYOTIC_TRANSLATION_INITIATION","RPS25"
"REACTOME_EUKARYOTIC_TRANSLATION_INITIATION","RPS26"
"REACTOME_EUKARYOTIC_TRANSLATION_INITIATION","RPS27"
"REACTOME_EUKARYOTIC_TRANSLATION_INITIATION","RPS27A"
"REACTOME_EUKARYOTIC_TRANSLATION_INITIATION","RPS27L"
"REACTOME_EUKARYOTIC_TRANSLATION_INITIATION","RPS28"
"REACTOME_EUKARYOTIC_TRANSLATION_INITIATION","RPS29"
"REACTOME_EUKARYOTIC_TRANSLATION_INITIATION","RPS3"
"REACTOME_EUKARYOTIC_TRANSLATION_INITIATION","RPS3A"
"REACTOME_EUKARYOTIC_TRANSLATION_INITIATION","RPS4X"
"REACTOME_EUKARYOTIC_TRANSLATION_INITIATION","RPS4Y1"
"REACTOME_EUKARYOTIC_TRANSLATION_INITIATION","RPS4Y2"
"REACTOME_EUKARYOTIC_TRANSLATION_INITIATION","RPS5"
"REACTOME_EUKARYOTIC_TRANSLATION_INITIATION","RPS6"
"REACTOME_EUKARYOTIC_TRANSLATION_INITIATION","RPS7"
"REACTOME_EUKARYOTIC_TRANSLATION_INITIATION","RPS8"
"REACTOME_EUKARYOTIC_TRANSLATION_INITIATION","RPS9"
"REACTOME_EUKARYOTIC_TRANSLATION_INITIATION","RPS9"
"REACTOME_EUKARYOTIC_TRANSLATION_INITIATION","RPS9"
"REACTOME_EUKARYOTIC_TRANSLATION_INITIATION","RPS9"
"REACTOME_EUKARYOTIC_TRANSLATION_INITIATION","RPS9"
"REACTOME_EUKARYOTIC_TRANSLATION_INITIATION","RPS9"
"REACTOME_EUKARYOTIC_TRANSLATION_INITIATION","RPS9"
"REACTOME_EUKARYOTIC_TRANSLATION_INITIATION","RPS9"
"REACTOME_EUKARYOTIC_TRANSLATION_INITIATION","RPS9"
"REACTOME_EUKARYOTIC_TRANSLATION_INITIATION","RPS9"
"REACTOME_EUKARYOTIC_TRANSLATION_INITIATION","RPSA"
"REACTOME_EUKARYOTIC_TRANSLATION_INITIATION","UBA52"
"WP_CYTOPLASMIC_RIBOSOMAL_PROTEINS","FAU"
"WP_CYTOPLASMIC_RIBOSOMAL_PROTEINS","MIR6805"
"WP_CYTOPLASMIC_RIBOSOMAL_PROTEINS","MIR6850"
"WP_CYTOPLASMIC_RIBOSOMAL_PROTEINS","MRPL19"
"WP_CYTOPLASMIC_RIBOSOMAL_PROTEINS","RPL10"
"WP_CYTOPLASMIC_RIBOSOMAL_PROTEINS","RPL10A"
"WP_CYTOPLASMIC_RIBOSOMAL_PROTEINS","RPL11"
"WP_CYTOPLASMIC_RIBOSOMAL_PROTEINS","RPL12"
"WP_CYTOPLASMIC_RIBOSOMAL_PROTEINS","RPL13"
"WP_CYTOPLASMIC_RIBOSOMAL_PROTEINS","RPL13A"
"WP_CYTOPLASMIC_RIBOSOMAL_PROTEINS","RPL14"
"WP_CYTOPLASMIC_RIBOSOMAL_PROTEINS","RPL15"
"WP_CYTOPLASMIC_RIBOSOMAL_PROTEINS","RPL17"
"WP_CYTOPLASMIC_RIBOSOMAL_PROTEINS","RPL18"
"WP_CYTOPLASMIC_RIBOSOMAL_PROTEINS","RPL18A"
"WP_CYTOPLASMIC_RIBOSOMAL_PROTEINS","RPL19"
"WP_CYTOPLASMIC_RIBOSOMAL_PROTEINS","RPL21"
"WP_CYTOPLASMIC_RIBOSOMAL_PROTEINS","RPL22"
"WP_CYTOPLASMIC_RIBOSOMAL_PROTEINS","RPL23"
"WP_CYTOPLASMIC_RIBOSOMAL_PROTEINS","RPL23A"
"WP_CYTOPLASMIC_RIBOSOMAL_PROTEINS","RPL24"
"WP_CYTOPLASMIC_RIBOSOMAL_PROTEINS","RPL26"
"WP_CYTOPLASMIC_RIBOSOMAL_PROTEINS","RPL27"
"WP_CYTOPLASMIC_RIBOSOMAL_PROTEINS","RPL27A"
"WP_CYTOPLASMIC_RIBOSOMAL_PROTEINS","RPL28"
"WP_CYTOPLASMIC_RIBOSOMAL_PROTEINS","RPL29"
"WP_CYTOPLASMIC_RIBOSOMAL_PROTEINS","RPL3"
"WP_CYTOPLASMIC_RIBOSOMAL_PROTEINS","RPL30"
"WP_CYTOPLASMIC_RIBOSOMAL_PROTEINS","RPL31"
"WP_CYTOPLASMIC_RIBOSOMAL_PROTEINS","RPL32"
"WP_CYTOPLASMIC_RIBOSOMAL_PROTEINS","RPL34"
"WP_CYTOPLASMIC_RIBOSOMAL_PROTEINS","RPL35"
"WP_CYTOPLASMIC_RIBOSOMAL_PROTEINS","RPL35A"
"WP_CYTOPLASMIC_RIBOSOMAL_PROTEINS","RPL36"
"WP_CYTOPLASMIC_RIBOSOMAL_PROTEINS","RPL36A"
"WP_CYTOPLASMIC_RIBOSOMAL_PROTEINS","RPL37"
"WP_CYTOPLASMIC_RIBOSOMAL_PROTEINS","RPL37A"
"WP_CYTOPLASMIC_RIBOSOMAL_PROTEINS","RPL38"
"WP_CYTOPLASMIC_RIBOSOMAL_PROTEINS","RPL39"
"WP_CYTOPLASMIC_RIBOSOMAL_PROTEINS","RPL3L"
"WP_CYTOPLASMIC_RIBOSOMAL_PROTEINS","RPL4"
"WP_CYTOPLASMIC_RIBOSOMAL_PROTEINS","RPL41"
"WP_CYTOPLASMIC_RIBOSOMAL_PROTEINS","RPL5"
"WP_CYTOPLASMIC_RIBOSOMAL_PROTEINS","RPL6"
"WP_CYTOPLASMIC_RIBOSOMAL_PROTEINS","RPL7"
"WP_CYTOPLASMIC_RIBOSOMAL_PROTEINS","RPL7A"
"WP_CYTOPLASMIC_RIBOSOMAL_PROTEINS","RPL7A"
"WP_CYTOPLASMIC_RIBOSOMAL_PROTEINS","RPL8"
"WP_CYTOPLASMIC_RIBOSOMAL_PROTEINS","RPL9"
"WP_CYTOPLASMIC_RIBOSOMAL_PROTEINS","RPLP0"
"WP_CYTOPLASMIC_RIBOSOMAL_PROTEINS","RPLP1"
"WP_CYTOPLASMIC_RIBOSOMAL_PROTEINS","RPLP2"
"WP_CYTOPLASMIC_RIBOSOMAL_PROTEINS","RPS10"
"WP_CYTOPLASMIC_RIBOSOMAL_PROTEINS","RPS11"
"WP_CYTOPLASMIC_RIBOSOMAL_PROTEINS","RPS12"
"WP_CYTOPLASMIC_RIBOSOMAL_PROTEINS","RPS13"
"WP_CYTOPLASMIC_RIBOSOMAL_PROTEINS","RPS14"
"WP_CYTOPLASMIC_RIBOSOMAL_PROTEINS","RPS15"
"WP_CYTOPLASMIC_RIBOSOMAL_PROTEINS","RPS15A"
"WP_CYTOPLASMIC_RIBOSOMAL_PROTEINS","RPS16"
"WP_CYTOPLASMIC_RIBOSOMAL_PROTEINS","RPS17"
"WP_CYTOPLASMIC_RIBOSOMAL_PROTEINS","RPS17"
"WP_CYTOPLASMIC_RIBOSOMAL_PROTEINS","RPS18"
"WP_CYTOPLASMIC_RIBOSOMAL_PROTEINS","RPS18"
"WP_CYTOPLASMIC_RIBOSOMAL_PROTEINS","RPS18"
"WP_CYTOPLASMIC_RIBOSOMAL_PROTEINS","RPS18"
"WP_CYTOPLASMIC_RIBOSOMAL_PROTEINS","RPS18"
"WP_CYTOPLASMIC_RIBOSOMAL_PROTEINS","RPS18"
"WP_CYTOPLASMIC_RIBOSOMAL_PROTEINS","RPS18"
"WP_CYTOPLASMIC_RIBOSOMAL_PROTEINS","RPS19"
"WP_CYTOPLASMIC_RIBOSOMAL_PROTEINS","RPS2"
"WP_CYTOPLASMIC_RIBOSOMAL_PROTEINS","RPS20"
"WP_CYTOPLASMIC_RIBOSOMAL_PROTEINS","RPS21"
"WP_CYTOPLASMIC_RIBOSOMAL_PROTEINS","RPS23"
"WP_CYTOPLASMIC_RIBOSOMAL_PROTEINS","RPS24"
"WP_CYTOPLASMIC_RIBOSOMAL_PROTEINS","RPS25"
"WP_CYTOPLASMIC_RIBOSOMAL_PROTEINS","RPS25"
"WP_CYTOPLASMIC_RIBOSOMAL_PROTEINS","RPS26"
"WP_CYTOPLASMIC_RIBOSOMAL_PROTEINS","RPS27"
"WP_CYTOPLASMIC_RIBOSOMAL_PROTEINS","RPS27A"
"WP_CYTOPLASMIC_RIBOSOMAL_PROTEINS","RPS28"
"WP_CYTOPLASMIC_RIBOSOMAL_PROTEINS","RPS29"
"WP_CYTOPLASMIC_RIBOSOMAL_PROTEINS","RPS3"
"WP_CYTOPLASMIC_RIBOSOMAL_PROTEINS","RPS3A"
"WP_CYTOPLASMIC_RIBOSOMAL_PROTEINS","RPS4X"
"WP_CYTOPLASMIC_RIBOSOMAL_PROTEINS","RPS4Y1"
"WP_CYTOPLASMIC_RIBOSOMAL_PROTEINS","RPS5"
"WP_CYTOPLASMIC_RIBOSOMAL_PROTEINS","RPS6"
"WP_CYTOPLASMIC_RIBOSOMAL_PROTEINS","RPS6KA1"
"WP_CYTOPLASMIC_RIBOSOMAL_PROTEINS","RPS6KA1"
"WP_CYTOPLASMIC_RIBOSOMAL_PROTEINS","RPS6KA2"
"WP_CYTOPLASMIC_RIBOSOMAL_PROTEINS","RPS6KA3"
"WP_CYTOPLASMIC_RIBOSOMAL_PROTEINS","RPS6KA6"
"WP_CYTOPLASMIC_RIBOSOMAL_PROTEINS","RPS6KB1"
"WP_CYTOPLASMIC_RIBOSOMAL_PROTEINS","RPS6KB2"
"WP_CYTOPLASMIC_RIBOSOMAL_PROTEINS","RPS7"
"WP_CYTOPLASMIC_RIBOSOMAL_PROTEINS","RPS8"
"WP_CYTOPLASMIC_RIBOSOMAL_PROTEINS","RPS9"
"WP_CYTOPLASMIC_RIBOSOMAL_PROTEINS","RPS9"
"WP_CYTOPLASMIC_RIBOSOMAL_PROTEINS","RPS9"
"WP_CYTOPLASMIC_RIBOSOMAL_PROTEINS","RPS9"
"WP_CYTOPLASMIC_RIBOSOMAL_PROTEINS","RPS9"
"WP_CYTOPLASMIC_RIBOSOMAL_PROTEINS","RPS9"
"WP_CYTOPLASMIC_RIBOSOMAL_PROTEINS","RPS9"
"WP_CYTOPLASMIC_RIBOSOMAL_PROTEINS","RPS9"
"WP_CYTOPLASMIC_RIBOSOMAL_PROTEINS","RPS9"
"WP_CYTOPLASMIC_RIBOSOMAL_PROTEINS","RPS9"
"WP_CYTOPLASMIC_RIBOSOMAL_PROTEINS","RPSA"
"WP_CYTOPLASMIC_RIBOSOMAL_PROTEINS","UBA52"
