ne,ns,ir,wr,mut,n_total,Comp,SR,Prog,NI,NW,LO,Tr,Complex,Classif,Comp_class_pct,NI_class_pct
0.4,0.8,0.6,1.25,G32A,5267,1190,397,0,498,4,94,0,3084,2183,54.51213925790197,22.8126431516262
0.4,0.8,0.6,1.25,R403C,5267,1246,624,0,703,8,73,1,2612,2655,46.930320150659135,26.47834274952919
0.4,0.8,0.6,1.3,G32A,5267,1190,397,0,498,2,94,0,3086,2181,54.56212746446584,22.833562585969737
0.4,0.8,0.6,1.3,R403C,5267,1246,624,0,703,4,73,1,2616,2651,47.00113164843455,26.518294983025275
0.4,0.8,0.6,1.4,G32A,5267,1190,397,0,498,1,94,0,3087,2180,54.58715596330275,22.844036697247706
0.4,0.8,0.6,1.4,R403C,5267,1246,624,0,703,1,73,1,2619,2648,47.05438066465257,26.548338368580062
0.4,0.8,0.7,1.25,G32A,5267,1462,244,0,731,4,94,0,2732,2535,57.67258382642998,28.83629191321499
0.4,0.8,0.7,1.25,R403C,5267,1612,386,0,1010,8,73,1,2177,3090,52.16828478964401,32.68608414239482
0.4,0.8,0.7,1.3,G32A,5267,1462,244,0,731,2,94,0,2734,2533,57.718120805369125,28.859060402684563
0.4,0.8,0.7,1.3,R403C,5267,1612,386,0,1010,4,73,1,2181,3086,52.23590408295528,32.72845106934543
0.4,0.8,0.7,1.4,G32A,5267,1462,244,0,731,1,94,0,2735,2532,57.74091627172196,28.87045813586098
0.4,0.8,0.7,1.4,R403C,5267,1612,386,0,1010,1,73,1,2184,3083,52.286733700940644,32.76029841063899
0.4,0.8,0.8,1.25,G32A,5267,1590,145,0,890,4,94,0,2544,2723,58.39147998531032,32.68453911127433
0.4,0.8,0.8,1.25,R403C,5267,1832,202,0,1253,8,73,1,1898,3369,54.37815375482339,37.19204511724547
0.4,0.8,0.8,1.3,G32A,5267,1590,145,0,890,2,94,0,2546,2721,58.43439911797133,32.70856302829842
0.4,0.8,0.8,1.3,R403C,5267,1832,202,0,1253,4,73,1,1902,3365,54.442793462109954,37.23625557206538
0.4,0.8,0.8,1.4,G32A,5267,1590,145,0,890,1,94,0,2547,2720,58.455882352941174,32.720588235294116
0.4,0.8,0.8,1.4,R403C,5267,1832,202,0,1253,1,73,1,1905,3362,54.491374182034505,37.26948245092207
0.4,1.0,0.6,1.25,G32A,5267,1190,397,0,498,4,94,0,3084,2183,54.51213925790197,22.8126431516262
0.4,1.0,0.6,1.25,R403C,5267,1246,624,0,703,8,73,1,2612,2655,46.930320150659135,26.47834274952919
0.4,1.0,0.6,1.3,G32A,5267,1190,397,0,498,2,94,0,3086,2181,54.56212746446584,22.833562585969737
0.4,1.0,0.6,1.3,R403C,5267,1246,624,0,703,4,73,1,2616,2651,47.00113164843455,26.518294983025275
0.4,1.0,0.6,1.4,G32A,5267,1190,397,0,498,1,94,0,3087,2180,54.58715596330275,22.844036697247706
0.4,1.0,0.6,1.4,R403C,5267,1246,624,0,703,1,73,1,2619,2648,47.05438066465257,26.548338368580062
0.4,1.0,0.7,1.25,G32A,5267,1462,244,0,731,4,94,0,2732,2535,57.67258382642998,28.83629191321499
0.4,1.0,0.7,1.25,R403C,5267,1612,386,0,1010,8,73,1,2177,3090,52.16828478964401,32.68608414239482
0.4,1.0,0.7,1.3,G32A,5267,1462,244,0,731,2,94,0,2734,2533,57.718120805369125,28.859060402684563
0.4,1.0,0.7,1.3,R403C,5267,1612,386,0,1010,4,73,1,2181,3086,52.23590408295528,32.72845106934543
0.4,1.0,0.7,1.4,G32A,5267,1462,244,0,731,1,94,0,2735,2532,57.74091627172196,28.87045813586098
0.4,1.0,0.7,1.4,R403C,5267,1612,386,0,1010,1,73,1,2184,3083,52.286733700940644,32.76029841063899
0.4,1.0,0.8,1.25,G32A,5267,1590,145,0,890,4,94,0,2544,2723,58.39147998531032,32.68453911127433
0.4,1.0,0.8,1.25,R403C,5267,1832,202,0,1253,8,73,1,1898,3369,54.37815375482339,37.19204511724547
0.4,1.0,0.8,1.3,G32A,5267,1590,145,0,890,2,94,0,2546,2721,58.43439911797133,32.70856302829842
0.4,1.0,0.8,1.3,R403C,5267,1832,202,0,1253,4,73,1,1902,3365,54.442793462109954,37.23625557206538
0.4,1.0,0.8,1.4,G32A,5267,1590,145,0,890,1,94,0,2547,2720,58.455882352941174,32.720588235294116
0.4,1.0,0.8,1.4,R403C,5267,1832,202,0,1253,1,73,1,1905,3362,54.491374182034505,37.26948245092207
0.4,1.2,0.6,1.25,G32A,5267,1190,397,0,498,4,94,0,3084,2183,54.51213925790197,22.8126431516262
0.4,1.2,0.6,1.25,R403C,5267,1246,624,0,703,8,73,1,2612,2655,46.930320150659135,26.47834274952919
0.4,1.2,0.6,1.3,G32A,5267,1190,397,0,498,2,94,0,3086,2181,54.56212746446584,22.833562585969737
0.4,1.2,0.6,1.3,R403C,5267,1246,624,0,703,4,73,1,2616,2651,47.00113164843455,26.518294983025275
0.4,1.2,0.6,1.4,G32A,5267,1190,397,0,498,1,94,0,3087,2180,54.58715596330275,22.844036697247706
0.4,1.2,0.6,1.4,R403C,5267,1246,624,0,703,1,73,1,2619,2648,47.05438066465257,26.548338368580062
0.4,1.2,0.7,1.25,G32A,5267,1462,244,0,731,4,94,0,2732,2535,57.67258382642998,28.83629191321499
0.4,1.2,0.7,1.25,R403C,5267,1612,386,0,1010,8,73,1,2177,3090,52.16828478964401,32.68608414239482
0.4,1.2,0.7,1.3,G32A,5267,1462,244,0,731,2,94,0,2734,2533,57.718120805369125,28.859060402684563
0.4,1.2,0.7,1.3,R403C,5267,1612,386,0,1010,4,73,1,2181,3086,52.23590408295528,32.72845106934543
0.4,1.2,0.7,1.4,G32A,5267,1462,244,0,731,1,94,0,2735,2532,57.74091627172196,28.87045813586098
0.4,1.2,0.7,1.4,R403C,5267,1612,386,0,1010,1,73,1,2184,3083,52.286733700940644,32.76029841063899
0.4,1.2,0.8,1.25,G32A,5267,1590,145,0,890,4,94,0,2544,2723,58.39147998531032,32.68453911127433
0.4,1.2,0.8,1.25,R403C,5267,1832,202,0,1253,8,73,1,1898,3369,54.37815375482339,37.19204511724547
0.4,1.2,0.8,1.3,G32A,5267,1590,145,0,890,2,94,0,2546,2721,58.43439911797133,32.70856302829842
0.4,1.2,0.8,1.3,R403C,5267,1832,202,0,1253,4,73,1,1902,3365,54.442793462109954,37.23625557206538
0.4,1.2,0.8,1.4,G32A,5267,1590,145,0,890,1,94,0,2547,2720,58.455882352941174,32.720588235294116
0.4,1.2,0.8,1.4,R403C,5267,1832,202,0,1253,1,73,1,1905,3362,54.491374182034505,37.26948245092207
0.5,0.8,0.6,1.25,G32A,5267,1190,397,0,496,4,94,2,3084,2183,54.51213925790197,22.72102611085662
0.5,0.8,0.6,1.25,R403C,5267,1246,624,0,692,8,73,12,2612,2655,46.930320150659135,26.06403013182674
0.5,0.8,0.6,1.3,G32A,5267,1190,397,0,496,2,94,2,3086,2181,54.56212746446584,22.74186153140761
0.5,0.8,0.6,1.3,R403C,5267,1246,624,0,692,4,73,12,2616,2651,47.00113164843455,26.103357223689173
0.5,0.8,0.6,1.4,G32A,5267,1190,397,0,496,1,94,2,3087,2180,54.58715596330275,22.75229357798165
0.5,0.8,0.6,1.4,R403C,5267,1246,624,0,692,1,73,12,2619,2648,47.05438066465257,26.132930513595166
0.5,0.8,0.7,1.25,G32A,5267,1462,244,0,729,4,94,2,2732,2535,57.67258382642998,28.757396449704142
0.5,0.8,0.7,1.25,R403C,5267,1612,386,0,999,8,73,12,2177,3090,52.16828478964401,32.33009708737864
0.5,0.8,0.7,1.3,G32A,5267,1462,244,0,729,2,94,2,2734,2533,57.718120805369125,28.78010264508488
0.5,0.8,0.7,1.3,R403C,5267,1612,386,0,999,4,73,12,2181,3086,52.23590408295528,32.37200259235256
0.5,0.8,0.7,1.4,G32A,5267,1462,244,0,729,1,94,2,2735,2532,57.74091627172196,28.791469194312796
0.5,0.8,0.7,1.4,R403C,5267,1612,386,0,999,1,73,12,2184,3083,52.286733700940644,32.40350308141421
0.5,0.8,0.8,1.25,G32A,5267,1590,145,0,888,4,94,2,2544,2723,58.39147998531032,32.611090708777084
0.5,0.8,0.8,1.25,R403C,5267,1832,202,0,1242,8,73,12,1898,3369,54.37815375482339,36.86553873552983
0.5,0.8,0.8,1.3,G32A,5267,1590,145,0,888,2,94,2,2546,2721,58.43439911797133,32.63506063947078
0.5,0.8,0.8,1.3,R403C,5267,1832,202,0,1242,4,73,12,1902,3365,54.442793462109954,36.90936106983655
0.5,0.8,0.8,1.4,G32A,5267,1590,145,0,888,1,94,2,2547,2720,58.455882352941174,32.64705882352941
0.5,0.8,0.8,1.4,R403C,5267,1832,202,0,1242,1,73,12,1905,3362,54.491374182034505,36.94229625223082
0.5,1.0,0.6,1.25,G32A,5267,1190,397,0,496,4,94,2,3084,2183,54.51213925790197,22.72102611085662
0.5,1.0,0.6,1.25,R403C,5267,1246,624,0,692,8,73,12,2612,2655,46.930320150659135,26.06403013182674
0.5,1.0,0.6,1.3,G32A,5267,1190,397,0,496,2,94,2,3086,2181,54.56212746446584,22.74186153140761
0.5,1.0,0.6,1.3,R403C,5267,1246,624,0,692,4,73,12,2616,2651,47.00113164843455,26.103357223689173
0.5,1.0,0.6,1.4,G32A,5267,1190,397,0,496,1,94,2,3087,2180,54.58715596330275,22.75229357798165
0.5,1.0,0.6,1.4,R403C,5267,1246,624,0,692,1,73,12,2619,2648,47.05438066465257,26.132930513595166
0.5,1.0,0.7,1.25,G32A,5267,1462,244,0,729,4,94,2,2732,2535,57.67258382642998,28.757396449704142
0.5,1.0,0.7,1.25,R403C,5267,1612,386,0,999,8,73,12,2177,3090,52.16828478964401,32.33009708737864
0.5,1.0,0.7,1.3,G32A,5267,1462,244,0,729,2,94,2,2734,2533,57.718120805369125,28.78010264508488
0.5,1.0,0.7,1.3,R403C,5267,1612,386,0,999,4,73,12,2181,3086,52.23590408295528,32.37200259235256
0.5,1.0,0.7,1.4,G32A,5267,1462,244,0,729,1,94,2,2735,2532,57.74091627172196,28.791469194312796
0.5,1.0,0.7,1.4,R403C,5267,1612,386,0,999,1,73,12,2184,3083,52.286733700940644,32.40350308141421
0.5,1.0,0.8,1.25,G32A,5267,1590,145,0,888,4,94,2,2544,2723,58.39147998531032,32.611090708777084
0.5,1.0,0.8,1.25,R403C,5267,1832,202,0,1242,8,73,12,1898,3369,54.37815375482339,36.86553873552983
0.5,1.0,0.8,1.3,G32A,5267,1590,145,0,888,2,94,2,2546,2721,58.43439911797133,32.63506063947078
0.5,1.0,0.8,1.3,R403C,5267,1832,202,0,1242,4,73,12,1902,3365,54.442793462109954,36.90936106983655
0.5,1.0,0.8,1.4,G32A,5267,1590,145,0,888,1,94,2,2547,2720,58.455882352941174,32.64705882352941
0.5,1.0,0.8,1.4,R403C,5267,1832,202,0,1242,1,73,12,1905,3362,54.491374182034505,36.94229625223082
0.5,1.2,0.6,1.25,G32A,5267,1190,397,0,496,4,94,2,3084,2183,54.51213925790197,22.72102611085662
0.5,1.2,0.6,1.25,R403C,5267,1246,624,0,692,8,73,12,2612,2655,46.930320150659135,26.06403013182674
0.5,1.2,0.6,1.3,G32A,5267,1190,397,0,496,2,94,2,3086,2181,54.56212746446584,22.74186153140761
0.5,1.2,0.6,1.3,R403C,5267,1246,624,0,692,4,73,12,2616,2651,47.00113164843455,26.103357223689173
0.5,1.2,0.6,1.4,G32A,5267,1190,397,0,496,1,94,2,3087,2180,54.58715596330275,22.75229357798165
0.5,1.2,0.6,1.4,R403C,5267,1246,624,0,692,1,73,12,2619,2648,47.05438066465257,26.132930513595166
0.5,1.2,0.7,1.25,G32A,5267,1462,244,0,729,4,94,2,2732,2535,57.67258382642998,28.757396449704142
0.5,1.2,0.7,1.25,R403C,5267,1612,386,0,999,8,73,12,2177,3090,52.16828478964401,32.33009708737864
0.5,1.2,0.7,1.3,G32A,5267,1462,244,0,729,2,94,2,2734,2533,57.718120805369125,28.78010264508488
0.5,1.2,0.7,1.3,R403C,5267,1612,386,0,999,4,73,12,2181,3086,52.23590408295528,32.37200259235256
0.5,1.2,0.7,1.4,G32A,5267,1462,244,0,729,1,94,2,2735,2532,57.74091627172196,28.791469194312796
0.5,1.2,0.7,1.4,R403C,5267,1612,386,0,999,1,73,12,2184,3083,52.286733700940644,32.40350308141421
0.5,1.2,0.8,1.25,G32A,5267,1590,145,0,888,4,94,2,2544,2723,58.39147998531032,32.611090708777084
0.5,1.2,0.8,1.25,R403C,5267,1832,202,0,1242,8,73,12,1898,3369,54.37815375482339,36.86553873552983
0.5,1.2,0.8,1.3,G32A,5267,1590,145,0,888,2,94,2,2546,2721,58.43439911797133,32.63506063947078
0.5,1.2,0.8,1.3,R403C,5267,1832,202,0,1242,4,73,12,1902,3365,54.442793462109954,36.90936106983655
0.5,1.2,0.8,1.4,G32A,5267,1590,145,0,888,1,94,2,2547,2720,58.455882352941174,32.64705882352941
0.5,1.2,0.8,1.4,R403C,5267,1832,202,0,1242,1,73,12,1905,3362,54.491374182034505,36.94229625223082
0.6,0.8,0.6,1.25,G32A,5267,1190,397,0,479,4,94,19,3084,2183,54.51213925790197,21.942281264315163
0.6,0.8,0.6,1.25,R403C,5267,1246,624,0,665,8,73,39,2612,2655,46.930320150659135,25.04708097928437
0.6,0.8,0.6,1.3,G32A,5267,1190,397,0,479,2,94,19,3086,2181,54.56212746446584,21.96240256762953
0.6,0.8,0.6,1.3,R403C,5267,1246,624,0,665,4,73,39,2616,2651,47.00113164843455,25.084873632591474
0.6,0.8,0.6,1.4,G32A,5267,1190,397,0,479,1,94,19,3087,2180,54.58715596330275,21.972477064220183
0.6,0.8,0.6,1.4,R403C,5267,1246,624,0,665,1,73,39,2619,2648,47.05438066465257,25.113293051359516
0.6,0.8,0.7,1.25,G32A,5267,1462,244,0,712,4,94,19,2732,2535,57.67258382642998,28.086785009861934
0.6,0.8,0.7,1.25,R403C,5267,1612,386,0,972,8,73,39,2177,3090,52.16828478964401,31.45631067961165
0.6,0.8,0.7,1.3,G32A,5267,1462,244,0,712,2,94,19,2734,2533,57.718120805369125,28.108961705487562
0.6,0.8,0.7,1.3,R403C,5267,1612,386,0,972,4,73,39,2181,3086,52.23590408295528,31.497083603370058
0.6,0.8,0.7,1.4,G32A,5267,1462,244,0,712,1,94,19,2735,2532,57.74091627172196,28.12006319115324
0.6,0.8,0.7,1.4,R403C,5267,1612,386,0,972,1,73,39,2184,3083,52.286733700940644,31.52773272786247
0.6,0.8,0.8,1.25,G32A,5267,1590,145,0,871,4,94,19,2544,2723,58.39147998531032,31.986779287550497
0.6,0.8,0.8,1.25,R403C,5267,1832,202,0,1215,8,73,39,1898,3369,54.37815375482339,36.064113980409616
0.6,0.8,0.8,1.3,G32A,5267,1590,145,0,871,2,94,19,2546,2721,58.43439911797133,32.01029033443587
0.6,0.8,0.8,1.3,R403C,5267,1832,202,0,1215,4,73,39,1902,3365,54.442793462109954,36.10698365527489
0.6,0.8,0.8,1.4,G32A,5267,1590,145,0,871,1,94,19,2547,2720,58.455882352941174,32.02205882352941
0.6,0.8,0.8,1.4,R403C,5267,1832,202,0,1215,1,73,39,1905,3362,54.491374182034505,36.13920285544319
0.6,1.0,0.6,1.25,G32A,5267,1190,397,0,479,4,94,19,3084,2183,54.51213925790197,21.942281264315163
0.6,1.0,0.6,1.25,R403C,5267,1246,624,0,665,8,73,39,2612,2655,46.930320150659135,25.04708097928437
0.6,1.0,0.6,1.3,G32A,5267,1190,397,0,479,2,94,19,3086,2181,54.56212746446584,21.96240256762953
0.6,1.0,0.6,1.3,R403C,5267,1246,624,0,665,4,73,39,2616,2651,47.00113164843455,25.084873632591474
0.6,1.0,0.6,1.4,G32A,5267,1190,397,0,479,1,94,19,3087,2180,54.58715596330275,21.972477064220183
0.6,1.0,0.6,1.4,R403C,5267,1246,624,0,665,1,73,39,2619,2648,47.05438066465257,25.113293051359516
0.6,1.0,0.7,1.25,G32A,5267,1462,244,0,712,4,94,19,2732,2535,57.67258382642998,28.086785009861934
0.6,1.0,0.7,1.25,R403C,5267,1612,386,0,972,8,73,39,2177,3090,52.16828478964401,31.45631067961165
0.6,1.0,0.7,1.3,G32A,5267,1462,244,0,712,2,94,19,2734,2533,57.718120805369125,28.108961705487562
0.6,1.0,0.7,1.3,R403C,5267,1612,386,0,972,4,73,39,2181,3086,52.23590408295528,31.497083603370058
0.6,1.0,0.7,1.4,G32A,5267,1462,244,0,712,1,94,19,2735,2532,57.74091627172196,28.12006319115324
0.6,1.0,0.7,1.4,R403C,5267,1612,386,0,972,1,73,39,2184,3083,52.286733700940644,31.52773272786247
0.6,1.0,0.8,1.25,G32A,5267,1590,145,0,871,4,94,19,2544,2723,58.39147998531032,31.986779287550497
0.6,1.0,0.8,1.25,R403C,5267,1832,202,0,1215,8,73,39,1898,3369,54.37815375482339,36.064113980409616
0.6,1.0,0.8,1.3,G32A,5267,1590,145,0,871,2,94,19,2546,2721,58.43439911797133,32.01029033443587
0.6,1.0,0.8,1.3,R403C,5267,1832,202,0,1215,4,73,39,1902,3365,54.442793462109954,36.10698365527489
0.6,1.0,0.8,1.4,G32A,5267,1590,145,0,871,1,94,19,2547,2720,58.455882352941174,32.02205882352941
0.6,1.0,0.8,1.4,R403C,5267,1832,202,0,1215,1,73,39,1905,3362,54.491374182034505,36.13920285544319
0.6,1.2,0.6,1.25,G32A,5267,1190,397,0,479,4,94,19,3084,2183,54.51213925790197,21.942281264315163
0.6,1.2,0.6,1.25,R403C,5267,1246,624,0,665,8,73,39,2612,2655,46.930320150659135,25.04708097928437
0.6,1.2,0.6,1.3,G32A,5267,1190,397,0,479,2,94,19,3086,2181,54.56212746446584,21.96240256762953
0.6,1.2,0.6,1.3,R403C,5267,1246,624,0,665,4,73,39,2616,2651,47.00113164843455,25.084873632591474
0.6,1.2,0.6,1.4,G32A,5267,1190,397,0,479,1,94,19,3087,2180,54.58715596330275,21.972477064220183
0.6,1.2,0.6,1.4,R403C,5267,1246,624,0,665,1,73,39,2619,2648,47.05438066465257,25.113293051359516
0.6,1.2,0.7,1.25,G32A,5267,1462,244,0,712,4,94,19,2732,2535,57.67258382642998,28.086785009861934
0.6,1.2,0.7,1.25,R403C,5267,1612,386,0,972,8,73,39,2177,3090,52.16828478964401,31.45631067961165
0.6,1.2,0.7,1.3,G32A,5267,1462,244,0,712,2,94,19,2734,2533,57.718120805369125,28.108961705487562
0.6,1.2,0.7,1.3,R403C,5267,1612,386,0,972,4,73,39,2181,3086,52.23590408295528,31.497083603370058
0.6,1.2,0.7,1.4,G32A,5267,1462,244,0,712,1,94,19,2735,2532,57.74091627172196,28.12006319115324
0.6,1.2,0.7,1.4,R403C,5267,1612,386,0,972,1,73,39,2184,3083,52.286733700940644,31.52773272786247
0.6,1.2,0.8,1.25,G32A,5267,1590,145,0,871,4,94,19,2544,2723,58.39147998531032,31.986779287550497
0.6,1.2,0.8,1.25,R403C,5267,1832,202,0,1215,8,73,39,1898,3369,54.37815375482339,36.064113980409616
0.6,1.2,0.8,1.3,G32A,5267,1590,145,0,871,2,94,19,2546,2721,58.43439911797133,32.01029033443587
0.6,1.2,0.8,1.3,R403C,5267,1832,202,0,1215,4,73,39,1902,3365,54.442793462109954,36.10698365527489
0.6,1.2,0.8,1.4,G32A,5267,1590,145,0,871,1,94,19,2547,2720,58.455882352941174,32.02205882352941
0.6,1.2,0.8,1.4,R403C,5267,1832,202,0,1215,1,73,39,1905,3362,54.491374182034505,36.13920285544319
